date, pm25, o3, no2, so2, co
2022/3/2, 43, 31, 17, 1, 3
2022/3/3, 43, 28, 13, 1, 3
2022/3/4, 33, 28, 13, , 2
2022/3/5, 24, 33, 12, 1, 2
2022/3/6, 35, 24, 16, , 2
2022/3/7, 43, 25, 11, , 3
2022/3/8, 48, 28, 2, , 2
2022/3/9, 9, , , , 
2022/2/2, 56, 15, 34, 1, 7
2022/2/3, 68, 17, 24, 1, 5
2022/2/4, 57, 23, 15, 1, 3
2022/2/5, 26, 29, 9, , 2
2022/2/6, 32, 28, 8, 1, 3
2022/2/7, 38, 27, 39, 2, 7
2022/2/8, 51, 24, 17, 1, 3
2022/2/9, 34, 24, 11, 1, 3
2022/2/10, 35, 26, 23, 1, 4
2022/2/11, 40, 32, 24, 1, 4
2022/2/12, 34, 33, 8, 1, 2
2022/2/13, 32, 21, 9, 1, 2
2022/2/14, 33, 25, 13, 1, 3
2022/2/15, 41, 24, 19, 1, 4
2022/2/16, 46, 31, 21, 1, 4
2022/2/17, 40, 31, 8, 1, 2
2022/2/18, 31, 30, 6, 1, 2
2022/2/19, 16, 27, 10, 1, 3
2022/2/20, 29, 27, 8, 1, 2
2022/2/21, 29, 25, 14, 1, 3
2022/2/22, 39, 33, 25, 1, 5
2022/2/23, 56, 27, 8, , 2
2022/2/24, 31, 23, 14, 1, 2
2022/2/25, 21, 22, 13, , 2
2022/2/26, 27, 29, 18, 1, 4
2022/2/27, 39, 34, 12, , 3
2022/2/28, 45, 28, 14, 1, 2
2022/3/1, 44, 29, 24, 1, 5
2022/1/4, 18, 22, 16, 1, 3
2022/1/5, 22, 16, 18, 1, 4
2022/1/6, 31, 19, 13, 1, 4
2022/1/7, 48, 21, 14, 1, 3
2022/1/8, 45, 24, 17, 1, 4
2022/1/9, 49, 30, 11, 1, 3
2022/1/10, 36, 26, 9, , 3
2022/1/11, 23, 25, 11, , 3
2022/1/12, 53, 25, 19, 1, 4
2022/1/13, 50, 14, 27, 1, 6
2022/1/14, 62, 28, 17, 1, 4
2022/1/15, 51, 26, 7, 1, 2
2022/1/16, 26, 25, 19, 1, 3
2022/1/17, 31, 32, 5, 1, 2
2022/1/18, 37, 26, 10, 1, 2
2022/1/19, 19, 28, 14, 1, 3
2022/1/20, 29, 27, 16, 1, 3
2022/1/21, 45, 26, 16, 1, 2
2022/1/22, 30, 25, 19, 1, 3
2022/1/23, 44, 24, 17, 1, 4
2022/1/24, 67, 20, 18, 1, 3
2022/1/25, 60, 19, 19, 1, 4
2022/1/26, 70, 28, 15, 1, 3
2022/1/27, 29, 23, 23, 1, 4
2022/1/28, 40, 19, 21, 2, 4
2022/1/29, 60, 27, 8, 1, 2
2022/1/30, 36, 28, 14, 1, 3
2022/1/31, 30, 24, 33, 1, 6
2022/2/1, 50, 13, 38, 2, 6
2021/10/2, 26, 29, 7, , 4
2021/10/3, 29, 17, 8, , 3
2021/10/4, 26, 18, 5, , 2
2021/10/5, 20, 16, 8, , 3
2021/10/6, 13, 15, 15, , 6
2021/10/7, 17, 19, 15, , 6
2021/10/8, 18, 22, 8, , 3
2021/10/9, 29, 23, 1, , 2
2021/10/10, 26, 26, 2, , 1
2021/10/11, 16, 23, 7, , 2
2021/10/12, 16, 27, 15, , 5
2021/10/13, 28, 32, 12, , 4
2021/10/14, 35, 25, 13, , 4
2021/10/15, 35, 24, 10, , 3
2021/10/16, 40, 33, 3, , 3
2021/10/17, 23, 22, 3, , 3
2021/10/18, 12, 18, 6, , 3
2021/10/19, 17, 22, 6, , 3
2021/10/20, 18, 27, 14, , 4
2021/10/21, 36, 40, 13, , 3
2021/10/22, 36, 34, 8, , 3
2021/10/23, 35, 18, 6, , 3
2021/10/24, 15, 18, 8, , 3
2021/10/25, 24, 18, 9, , 2
2021/10/26, 20, 25, 4, , 1
2021/10/27, 14, 21, 2, , 1
2021/10/28, 18, 21, 10, , 3
2021/10/29, 29, 25, 9, , 2
2021/10/30, 33, 26, 3, , 1
2021/10/31, 17, 22, 4, , 3
2021/11/1, 16, 22, 8, , 2
2021/11/2, 19, 22, 13, 1, 4
2021/11/3, 22, 19, 10, , 2
2021/11/4, 20, 15, 14, 1, 3
2021/11/5, 22, 21, 17, 1, 5
2021/11/6, 30, 21, 19, 1, 5
2021/11/7, 41, 23, 21, 1, 6
2021/11/8, 48, 22, 25, 1, 7
2021/11/9, 56, 25, 26, 1, 7
2021/11/10, 55, 19, 15, 1, 4
2021/11/11, 42, 22, 15, 1, 4
2021/11/12, 26, 29, 5, , 2
2021/11/13, 26, 26, 9, 1, 4
2021/11/14, 22, 15, 7, 1, 3
2021/11/15, 22, 15, 8, , 3
2021/11/16, 24, 17, 7, , 3
2021/11/17, 13, 23, 16, 1, 4
2021/11/18, 24, 35, 9, 1, 3
2021/11/19, 54, 19, 8, , 2
2021/11/20, 14, 21, 12, , 3
2021/11/21, 16, 22, 14, , 4
2021/11/22, 26, 24, 8, , 3
2021/11/23, 24, 22, 9, , 2
2021/11/24, 11, 22, 11, 1, 3
2021/11/25, 14, 22, 14, 1, 4
2021/11/26, 28, 14, 10, 1, 3
2021/11/27, 32, 23, 3, , 1
2021/11/28, 9, 24, 7, , 2
2021/11/29, 22, 21, 17, 1, 3
2021/11/30, 34, 21, 14, 1, 3
2021/12/1, 24, 18, 18, 1, 4
2021/12/2, 45, 28, 19, 1, 4
2021/12/3, 47, 22, 9, 1, 3
2021/12/4, 13, 24, 15, , 4
2021/12/5, 30, 25, 13, 1, 4
2021/12/6, 26, 36, 9, 1, 3
2021/12/7, 42, 21, 13, 1, 3
2021/12/8, 14, 18, 16, 1, 2
2021/12/9, 25, 20, 14, 1, 3
2021/12/10, 33, 14, 22, 1, 5
2021/12/11, 43, 23, 14, 1, 6
2021/12/12, 62, 27, 5, 1, 2
2021/12/13, 15, 21, 13, 1, 3
2021/12/14, 20, 22, 15, 1, 3
2021/12/15, 20, 12, 46, 3, 4
2021/12/16, 24, 22, 18, 4, 3
2021/12/17, 35, 30, 9, 1, 2
2021/12/18, 28, 21, 13, 1, 2
2021/12/19, 23, 14, 39, 6, 2
2021/12/20, 18, 19, 28, 5, 3
2021/12/21, 27, 14, 32, 3, 6
2021/12/22, 44, 23, 18, 1, 5
2021/12/23, 47, 26, 9, , 2
2021/12/24, 14, 22, 17, 1, 4
2021/12/25, 32, 11, 18, 1, 4
2021/12/26, 64, 18, 9, 1, 3
2021/12/27, 26, 13, 13, 1, 3
2021/12/28, 27, 12, 15, 1, 4
2021/12/29, 40, 9, 15, 1, 4
2021/12/30, 42, 2, 23, 1, 5
2021/12/31, 52, 4, 18, 1, 5
2022/1/1, 66, 8, 15, , 4
2022/1/2, 56, 24, 9, , 4
2022/1/3, 26, 23, 11, 1, 1
2021/7/2, 36, 24, 4, 1, 1
2021/7/3, 19, 10, 3, , 1
2021/7/4, 20, 12, 4, 1, 1
2021/7/5, 27, 22, 6, 1, 1
2021/7/6, 29, 42, 8, 1, 1
2021/7/7, 50, 35, 12, 1, 1
2021/7/8, 61, 20, 5, 1, 1
2021/7/9, 38, 12, 9, 1, 1
2021/7/10, 24, 18, 6, 1, 1
2021/7/11, 32, 26, 8, 1, 2
2021/7/12, 47, 29, 8, , 1
2021/7/13, 31, 27, 5, , 1
2021/7/14, 20, 13, 12, 1, 2
2021/7/15, 47, 30, 12, 1, 3
2021/7/16, 34, 40, 11, 1, 1
2021/7/17, 55, 26, 5, 1, 1
2021/7/18, 35, 20, 6, 1, 1
2021/7/19, 32, 14, 9, 1, 2
2021/7/20, 24, 32, 10, 1, 4
2021/7/21, 94, 38, 11, 1, 3
2021/7/22, 66, 27, 8, 1, 2
2021/7/23, 30, 27, 10, 1, 2
2021/7/24, 41, 27, 9, 1, 2
2021/7/25, 34, 30, 5, 1, 1
2021/7/26, 40, 42, 11, 1, 4
2021/7/27, 104, 37, 12, 1, 2
2021/7/28, 82, 17, 5, , 2
2021/7/29, 44, 28, 7, 1, 1
2021/7/30, 32, 25, 10, 1, 1
2021/7/31, 18, 20, 5, 1, 1
2021/8/1, 20, 28, 7, 1, 1
2021/8/2, 28, 27, 10, 1, 2
2021/8/3, 32, 23, 10, 1, 2
2021/8/4, 31, 36, 10, 1, 2
2021/8/5, 37, 34, 9, , 2
2021/8/6, 14, 38, 10, 1, 2
2021/8/7, 45, 45, 8, 1, 3
2021/8/8, 54, 33, 9, 1, 2
2021/8/9, 57, 24, 6, 1, 2
2021/8/10, 53, 26, 8, 1, 2
2021/8/11, 23, 37, 7, 1, 1
2021/8/12, 47, 42, 9, 1, 1
2021/8/13, 46, 39, 14, 1, 2
2021/8/14, 38, 33, 7, 1, 1
2021/8/15, 37, 29, 7, 1, 1
2021/8/16, 29, 27, 8, 1, 2
2021/8/17, 24, 33, 9, 1, 1
2021/8/18, 36, 29, 9, 1, 2
2021/8/19, 27, 21, 6, 1, 2
2021/8/20, 26, 15, 9, 1, 3
2021/8/21, 25, 28, 11, 1, 3
2021/8/22, 26, 21, 4, 1, 1
2021/8/23, 16, 25, 9, 1, 1
2021/8/24, 16, 26, 10, 1, 3
2021/8/25, 23, 40, 12, 1, 5
2021/8/26, 59, 46, 12, 1, 5
2021/8/27, 60, 35, 14, 1, 4
2021/8/28, 51, 23, 2, 1, 3
2021/8/29, 15, 24, 5, 1, 4
2021/8/30, 19, 30, 9, 1, 4
2021/8/31, 30, 30, 11, 1, 4
2021/9/1, 36, 19, 14, 1, 4
2021/9/2, 31, 26, 9, 1, 3
2021/9/3, 21, 15, 8, 1, 4
2021/9/4, 20, 13, 5, 1, 5
2021/9/5, 19, 26, 6, 1, 5
2021/9/6, 28, 32, 5, 1, 4
2021/9/7, 28, 27, 10, 1, 4
2021/9/8, 25, 40, 10, 1, 4
2021/9/9, 30, 34, 12, 1, 4
2021/9/10, 33, 18, 10, 1, 4
2021/9/11, 25, 30, 8, 1, 4
2021/9/12, 28, 37, 6, 1, 4
2021/9/13, 40, 28, 11, 1, 4
2021/9/14, 37, 26, 11, 1, 3
2021/9/15, 23, 36, 4, 1, 4
2021/9/16, 44, 20, 9, 1, 2
2021/9/17, 23, 13, 6, 1, 3
2021/9/18, 22, 19, 9, 1, 4
2021/9/19, 24, 18, 5, 1, 3
2021/9/20, 27, 19, 7, 1, 4
2021/9/21, 24, 20, 9, 1, 5
2021/9/22, 28, 24, 8, , 4
2021/9/23, 23, 30, 9, 1, 3
2021/9/24, 19, 24, 5, 1, 3
2021/9/25, 19, 26, 6, 1, 3
2021/9/26, 24, 24, 5, 1, 4
2021/9/27, 24, 36, 7, 1, 4
2021/9/28, 30, 23, 11, , 4
2021/9/29, 38, 19, 6, , 2
2021/9/30, 22, 11, 6, 1, 4
2021/10/1, 18, 13, 8, 1, 5
2021/4/2, 21, 28, 10, , 1
2021/4/3, 25, 33, 16, , 2
2021/4/4, 24, 33, 16, 1, 3
2021/4/5, 27, 33, 13, 1, 
2021/4/6, 26, 28, 11, 1, 1
2021/4/7, 18, 23, 16, 1, 2
2021/4/8, 21, 27, 10, , 1
2021/4/9, 17, 28, 14, 1, 2
2021/4/10, 27, 38, 8, , 1
2021/4/11, 32, 26, 4, 1, 1
2021/4/12, 36, 26, 7, 1, 1
2021/4/13, 22, 30, 12, 1, 1
2021/4/14, 30, 28, 5, , 1
2021/4/15, 28, 28, 8, , 1
2021/4/16, 30, 29, 12, , 1
2021/4/17, 21, 24, 12, , 1
2021/4/18, 17, 27, 11, 1, 1
2021/4/19, 27, 29, 17, 1, 3
2021/4/20, 39, 41, 15, 1, 1
2021/4/21, 40, 38, 13, , 1
2021/4/22, 36, 31, 8, , 1
2021/4/23, 18, 36, 9, , 1
2021/4/24, 22, 47, 11, , 1
2021/4/25, 39, 42, 10, , 1
2021/4/26, 41, 24, 9, , 1
2021/4/27, 19, 33, 14, , 2
2021/4/28, 24, 30, 16, , 1
2021/4/29, 41, 25, 16, , 2
2021/4/30, 39, 28, 9, , 1
2021/5/1, 19, 26, 6, , 1
2021/5/2, 18, 40, 8, 1, 1
2021/5/3, 30, 27, 9, , 1
2021/5/4, 27, 26, 9, , 1
2021/5/5, 28, 23, 9, , 1
2021/5/6, 24, 28, 10, , 1
2021/5/7, 17, 23, 9, 1, 1
2021/5/8, 20, 23, 6, , 1
2021/5/9, 22, 33, 5, , 1
2021/5/10, 28, 28, 10, , 1
2021/5/11, 29, 27, 8, 1, 1
2021/5/12, 21, 27, 9, , 1
2021/5/13, 19, 30, 15, 1, 1
2021/5/14, 26, 34, 14, , 2
2021/5/15, 39, 35, 10, 1, 2
2021/5/16, 46, 40, 9, , 1
2021/5/17, 40, 37, 15, , 2
2021/5/18, 43, 43, 16, , 1
2021/5/19, 40, 32, 11, , 1
2021/5/20, 34, 30, 7, , 1
2021/5/21, 33, 36, 11, , 1
2021/5/22, 36, 49, 9, 1, 1
2021/5/23, 46, 31, 6, , 1
2021/5/24, 40, 31, 4, , 1
2021/5/25, 23, 34, 7, , 1
2021/5/26, 29, 45, 4, 1, 1
2021/5/27, 41, 29, 8, , 1
2021/5/28, 36, 28, 4, , 1
2021/5/29, 20, 29, 3, , 1
2021/5/30, 23, 26, 3, , 1
2021/5/31, 25, 21, 7, , 1
2021/6/1, 26, 41, 7, 1, 1
2021/6/2, 21, 45, 11, , 2
2021/6/3, 34, 24, 9, , 1
2021/6/4, 30, 26, 9, , 1
2021/6/5, 32, 66, 8, 1, 1
2021/6/6, 48, 56, 7, 1, 1
2021/6/7, 54, 48, 12, 1, 1
2021/6/8, 63, 40, 11, 1, 1
2021/6/9, 54, 34, 11, , 1
2021/6/10, 46, 22, 15, 1, 1
2021/6/11, 23, 23, 7, 1, 1
2021/6/12, 34, 33, 9, , 1
2021/6/13, 35, 36, 5, 1, 1
2021/6/14, 37, 26, 13, , 1
2021/6/15, 22, 16, 15, 1, 2
2021/6/16, 28, 19, 12, , 1
2021/6/17, 39, 18, 12, , 1
2021/6/18, 31, 50, 11, 1, 1
2021/6/19, 38, 44, 7, 1, 
2021/6/20, 45, 47, 5, 1, 
2021/6/21, 37, 32, 10, 1, 
2021/6/22, 57, 12, 10, , 1
2021/6/23, 25, 23, 7, , 1
2021/6/24, 30, 25, 8, 1, 1
2021/6/25, 32, 20, 9, 1, 1
2021/6/26, 13, 18, 1, , 1
2021/6/27, 15, 26, 2, , 
2021/6/28, 26, 42, 6, 1, 1
2021/6/29, 43, 41, 8, 1, 1
2021/6/30, 50, 43, 10, 1, 1
2021/7/1, 40, 26, 10, , 1
2021/1/5, 32, 21, 18, , 2
2021/1/6, 31, 21, 14, , 2
2021/1/7, 33, 23, 12, , 2
2021/1/8, 33, 23, 15, , 2
2021/1/9, 32, 25, 17, , 2
2021/1/10, 29, 25, 17, 1, 2
2021/1/11, 37, 9, 29, 1, 5
2021/1/12, 59, 16, 22, 1, 3
2021/1/13, 54, 16, 19, 1, 2
2021/1/14, 50, 6, 25, 1, 3
2021/1/15, 84, 19, 15, 1, 2
2021/1/16, 57, 28, 6, , 1
2021/1/17, 22, 23, 5, , 1
2021/1/18, 24, 21, 9, , 1
2021/1/19, 24, 20, 13, , 2
2021/1/20, 31, 25, 16, , 2
2021/1/21, 36, 21, 20, , 2
2021/1/22, 36, 18, 19, 1, 3
2021/1/23, 46, 25, 7, , 1
2021/1/24, 20, 29, 5, , 1
2021/1/25, 23, 26, 15, , 1
2021/1/26, 27, 24, 19, 1, 2
2021/1/27, 29, 15, 25, , 1
2021/1/28, 30, 25, 19, , 1
2021/1/29, 24, 23, 11, , 1
2021/1/30, 36, 25, 12, , 1
2021/1/31, 44, 17, 18, 1, 2
2021/2/1, 50, 24, 15, , 2
2021/2/2, 41, 25, 9, , 1
2021/2/3, 21, 26, 16, , 2
2021/2/4, 24, 24, 21, 1, 2
2021/2/5, 35, 21, 32, 1, 4
2021/2/6, 59, 28, 17, , 2
2021/2/7, 58, 18, 22, , 3
2021/2/8, 48, 26, 20, , 2
2021/2/9, 53, 14, 29, 1, 2
2021/2/10, 59, 25, 21, , 2
2021/2/11, 59, 26, 22, , 2
2021/2/12, 56, 24, 17, , 1
2021/2/13, 34, 24, 11, 1, 1
2021/2/14, 25, 19, 18, 1, 2
2021/2/15, 33, 22, 14, 1, 2
2021/2/16, 34, 25, 19, , 2
2021/2/17, 23, 27, 13, , 1
2021/2/18, 26, 21, 16, 1, 2
2021/2/19, 28, 20, 20, , 2
2021/2/20, 36, 28, 18, , 2
2021/2/21, 36, 30, 16, , 2
2021/2/22, 32, 28, 24, 1, 3
2021/2/23, 47, 33, 16, , 1
2021/2/24, 42, 35, 14, , 1
2021/2/25, 29, 30, 9, , 1
2021/2/26, 25, 30, 15, , 1
2021/2/27, 31, 25, 14, , 2
2021/2/28, 36, 25, 14, , 2
2021/3/1, 37, 28, 15, 1, 2
2021/3/2, 30, 28, 8, , 1
2021/3/3, 25, 29, 15, , 2
2021/3/4, 35, 27, 13, , 1
2021/3/5, 27, 29, 10, , 1
2021/3/6, 20, 29, 9, , 1
2021/3/7, 28, 28, 10, , 1
2021/3/8, 29, 27, 18, , 2
2021/3/9, 32, 32, 16, 1, 2
2021/3/10, 37, 29, 18, 1, 2
2021/3/11, 37, 44, 16, 1, 2
2021/3/12, 55, 35, 13, , 1
2021/3/13, 37, 30, 7, , 1
2021/3/14, 22, 32, 7, , 1
2021/3/15, 21, 30, 12, , 1
2021/3/16, 26, 26, 18, 1, 2
2021/3/17, 33, 33, 14, , 2
2021/3/18, 38, 26, 16, , 2
2021/3/19, 54, 30, 9, , 1
2021/3/20, 25, 32, 19, , 2
2021/3/21, 28, 34, 20, 1, 3
2021/3/22, 38, 33, 20, , 2
2021/3/23, 41, 28, 22, 1, 2
2021/3/24, 37, 21, 22, 1, 3
2021/3/25, 41, 24, 25, 1, 2
2021/3/26, 48, 27, 8, 1, 1
2021/3/27, 35, 27, 6, , 1
2021/3/28, 16, 24, 4, 1, 1
2021/3/29, 23, 28, 10, 1, 1
2021/3/30, 20, 36, 15, , 2
2021/3/31, 27, 36, 9, , 1
2021/4/1, 32, 27, 11, , 1
2020/10/2, 45, 18, 16, , 2
2020/10/3, 51, 24, 11, , 2
2020/10/4, 43, 25, 8, , 1
2020/10/5, 35, 19, 7, , 1
2020/10/6, 40, 28, 13, , 1
2020/10/7, 42, 33, 10, 1, 
2020/10/8, 38, 20, 7, , 1
2020/10/9, 25, 21, 11, , 1
2020/10/10, 35, 33, 6, , 1
2020/10/11, 47, 22, 3, , 1
2020/10/12, 30, 21, 3, , 1
2020/10/13, 27, 17, 7, , 1
2020/10/14, 27, 24, 13, , 2
2020/10/15, 36, 38, 13, 1, 2
2020/10/16, 48, 24, 14, , 1
2020/10/17, 32, 21, 10, 1, 2
2020/10/18, 36, 25, 13, 1, 4
2020/10/19, 53, 21, 17, 1, 4
2020/10/20, 48, 18, 16, 1, 2
2020/10/21, 41, 15, 12, , 2
2020/10/22, 26, 16, 10, 1, 2
2020/10/23, 31, 20, 6, , 1
2020/10/24, 34, 21, 7, , 
2020/10/25, 33, 20, 5, , 1
2020/10/26, 32, 21, 7, , 1
2020/10/27, 34, 16, 12, , 1
2020/10/28, 30, 12, 13, , 2
2020/10/29, 21, 19, 14, 1, 2
2020/10/30, 28, 19, 14, , 2
2020/10/31, 26, 16, 22, 1, 5
2020/11/1, 50, 17, 19, 1, 4
2020/11/2, 44, 22, 8, 1, 1
2020/11/3, 20, 20, 12, , 1
2020/11/4, 31, 23, 17, , 2
2020/11/5, 37, 28, 12, , 1
2020/11/6, 33, 31, 13, 1, 1
2020/11/7, 35, 34, 18, 1, 2
2020/11/8, 56, 34, 23, 1, 4
2020/11/9, 65, 12, 32, 1, 8
2020/11/10, 82, 26, 21, 1, 3
2020/11/11, 58, 21, 8, , 1
2020/11/12, 13, 17, 12, , 1
2020/11/13, 16, 11, 11, 1, 1
2020/11/14, 29, 16, 13, , 2
2020/11/15, 34, 32, 11, 1, 2
2020/11/16, 33, 25, 12, , 1
2020/11/17, 21, 21, 14, , 1
2020/11/18, 28, 21, 14, , 1
2020/11/19, 28, 24, 18, , 2
2020/11/20, 38, 23, 13, , 2
2020/11/21, 36, 22, 14, , 2
2020/11/22, 43, 20, 5, , 1
2020/11/23, 27, 15, 11, , 1
2020/11/24, 24, 20, 15, , 1
2020/11/25, 26, 8, 26, 1, 5
2020/11/26, 47, 24, 15, 1, 3
2020/11/27, 39, 8, 16, 1, 4
2020/11/28, 30, 18, 13, , 2
2020/11/29, 31, 21, 15, , 1
2020/11/30, 31, 29, 11, 1, 1
2020/12/1, 36, 28, 8, , 1
2020/12/2, 32, 20, 11, , 1
2020/12/3, 25, 22, 17, 1, 2
2020/12/4, 34, 24, 15, 1, 2
2020/12/5, 39, 20, 7, , 1
2020/12/6, 20, 19, 6, , 1
2020/12/7, 16, 20, 13, , 1
2020/12/8, 26, 19, 13, , 1
2020/12/9, 31, 12, 21, 1, 2
2020/12/10, 43, 11, 18, 1, 2
2020/12/11, 43, 17, 23, 1, 3
2020/12/12, 57, 13, 21, 1, 5
2020/12/13, 63, 19, 12, 1, 2
2020/12/14, 42, 8, 19, , 2
2020/12/15, 34, 20, 13, , 1
2020/12/16, 33, 24, 14, , 2
2020/12/17, 35, 24, 11, , 1
2020/12/18, 21, 22, 26, 1, 3
2020/12/19, 39, 14, 30, 1, 4
2020/12/20, 55, 4, 33, 1, 5
2020/12/21, 71, 7, 24, 1, 7
2020/12/22, 71, 23, 17, 1, 4
2020/12/23, 48, 19, 20, 1, 3
2020/12/24, 35, 29, 15, 1, 2
2020/12/25, 32, 30, 3, , 1
2020/12/26, 23, 18, 6, , 1
2020/12/27, 33, 18, 15, , 2
2020/12/28, 46, 21, 22, 1, 2
2020/12/29, 49, 23, 11, , 1
2020/12/30, 25, 26, 19, , 2
2020/12/31, 32, 27, 11, , 1
2021/1/1, 23, 20, 15, , 2
2021/1/2, 40, 24, 9, , 1
2021/1/3, 20, 20, 16, , 2
2021/1/4, 38, 19, 12, , 2
2020/7/2, 40, 31, 9, 1, 2
2020/7/3, 39, 27, 4, 1, 1
2020/7/4, 38, 25, 3, 1, 1
2020/7/5, 37, 30, 6, 1, 2
2020/7/6, 73, 21, 5, 1, 1
2020/7/7, 21, 27, 4, 1, 1
2020/7/8, 25, 28, 3, , 2
2020/7/9, 32, 40, 7, 1, 2
2020/7/10, 50, 17, 4, 1, 
2020/7/11, 29, 26, 2, 1, 1
2020/7/12, 23, 32, 2, 1, 1
2020/7/13, 21, 29, 8, , 2
2020/7/14, 28, , 7, , 1
2020/7/15, 32, 14, 2, 1, 1
2020/7/16, 18, 19, 5, 1, 1
2020/7/17, 22, 17, 8, 1, 1
2020/7/18, 24, 36, 7, 1, 1
2020/7/19, 25, , 5, , 2
2020/7/20, 41, 38, 8, 1, 2
2020/7/21, 41, 30, 11, 1, 1
2020/7/22, 36, 22, 9, 1, 1
2020/7/23, 32, 32, 12, 1, 2
2020/7/25, 42, 38, 12, 1, 2
2020/7/26, 46, 37, 4, 1, 1
2020/7/27, 43, 48, 9, 1, 1
2020/7/28, 41, 40, 9, 1, 1
2020/7/29, 44, 39, 9, 1, 1
2020/7/30, 44, 42, 10, 1, 1
2020/7/31, 41, 24, 10, 1, 1
2020/8/1, 42, 35, 9, 1, 2
2020/8/2, 48, 30, 4, 1, 1
2020/8/3, 43, 36, 8, 1, 1
2020/8/4, 43, 28, 8, 1, 1
2020/8/5, 47, 42, 8, 1, 1
2020/8/6, 41, 37, 12, 1, 1
2020/8/7, 45, 25, 13, 1, 1
2020/8/8, 46, 34, 8, 1, 1
2020/8/9, 42, 37, 3, 1, 1
2020/8/10, 41, 44, 9, 1, 2
2020/8/11, 50, 53, 9, 1, 2
2020/8/12, 59, 37, 11, 1, 1
2020/8/13, 48, 31, 10, 1, 2
2020/8/14, 46, 24, 9, 1, 2
2020/8/15, 54, 17, 3, 1, 1
2020/8/16, 50, 17, 3, 1, 1
2020/8/17, 41, 23, 4, 1, 1
2020/8/18, 31, 31, 9, 1, 1
2020/8/19, 33, 22, 13, 1, 2
2020/8/20, 43, 22, 10, 1, 1
2020/8/21, 37, 51, 10, 1, 2
2020/8/22, 51, 39, 11, 1, 3
2020/8/23, 50, 38, 8, 1, 2
2020/8/24, 48, 38, 11, 1, 2
2020/8/25, 45, 36, 9, 1, 1
2020/8/26, 46, 25, 9, 1, 1
2020/8/27, 28, 14, 14, 1, 2
2020/8/28, 38, 23, 12, 1, 3
2020/8/29, 40, 23, 6, 1, 2
2020/8/30, 40, 22, 4, 1, 1
2020/8/31, 24, 23, 8, 1, 1
2020/9/1, 38, 20, 6, 1, 1
2020/9/2, 32, 16, 7, , 1
2020/9/3, 28, 16, 11, , 2
2020/9/4, 36, 30, 11, , 1
2020/9/5, 36, 26, 8, , 1
2020/9/6, 34, 34, 7, , 2
2020/9/7, 48, 28, 5, , 1
2020/9/8, 39, 32, 9, , 1
2020/9/9, 41, 28, 9, , 1
2020/9/10, 47, 13, 7, , 1
2020/9/11, 33, 14, 6, , 1
2020/9/12, 24, 18, 4, , 1
2020/9/13, 31, 24, 6, , 1
2020/9/14, 37, 22, 8, , 
2020/9/15, 28, 18, 11, , 1
2020/9/16, 33, 25, 9, , 1
2020/9/17, 35, 33, 11, , 1
2020/9/18, 36, 20, 6, , 1
2020/9/19, 35, 22, 7, , 1
2020/9/20, 31, 21, 5, 1, 1
2020/9/21, 34, 19, 12, , 1
2020/9/22, 35, 26, 14, , 1
2020/9/23, 36, 31, 13, , 2
2020/9/24, 45, 30, 14, , 2
2020/9/25, 57, 24, 14, , 3
2020/9/26, 61, 39, 8, , 2
2020/9/27, 68, 27, 5, , 1
2020/9/28, 32, 20, 8, , 1
2020/9/29, 29, 23, 8, , 1
2020/9/30, 37, 26, 6, , 1
2020/10/1, 26, 28, 10, , 1
2020/4/2, 30, 23, 9, 1, 1
2020/4/3, 14, 28, 7, 1, 1
2020/4/4, 13, 26, 2, 1, 1
2020/4/5, 14, 25, 5, 1, 1
2020/4/6, 21, 31, 7, 1, 1
2020/4/7, 19, 33, 13, 1, 1
2020/4/8, 24, 25, 13, 1, 1
2020/4/9, 30, 28, 10, 1, 1
2020/4/10, 23, 26, 7, 1, 1
2020/4/11, 14, 28, 4, 1, 1
2020/4/12, 16, 37, 8, 1, 1
2020/4/13, 31, 34, 4, 1, 1
2020/4/14, 28, 34, 8, 1, 1
2020/4/15, 25, 35, 12, 1, 1
2020/4/16, 25, 32, 11, 1, 1
2020/4/17, 29, 36, 8, 1, 1
2020/4/18, 29, 33, 9, 1, 1
2020/4/19, 26, 44, 7, 1, 1
2020/4/20, 39, 30, 10, 1, 1
2020/4/21, 24, 36, 13, 1, 1
2020/4/22, 30, 35, 6, 1, 1
2020/4/23, 23, 39, 11, 1, 1
2020/4/24, 30, 32, 15, 1, 2
2020/4/25, 44, 37, 13, 1, 3
2020/4/26, 46, 33, 6, 1, 1
2020/4/27, 34, 32, 3, 1, 
2020/4/28, 16, 32, 7, 1, 1
2020/4/29, 25, 29, 9, 1, 1
2020/4/30, 31, 26, 4, 1, 1
2020/5/1, 34, 29, 13, 1, 3
2020/5/2, 29, 34, 8, 1, 2
2020/5/3, 29, 42, 7, 1, 2
2020/5/4, 38, 32, 8, 1, 1
2020/5/5, 23, 26, 5, 1, 1
2020/5/6, 22, 29, 7, 1, 1
2020/5/7, 24, 34, 12, 1, 1
2020/5/8, 25, 32, 8, 1, 2
2020/5/9, 24, 26, 4, 1, 2
2020/5/10, 20, 34, 7, 1, 2
2020/5/11, 26, 35, 11, 1, 2
2020/5/12, 38, 29, 6, 1, 2
2020/5/13, 24, 29, 9, 1, 2
2020/5/14, 26, 41, 12, 1, 3
2020/5/15, 32, 42, 8, 1, 3
2020/5/16, 42, 31, 4, 1, 2
2020/5/17, 22, 33, 5, 1, 3
2020/5/18, 31, 26, 8, 1, 2
2020/5/19, 36, 27, 4, 1, 1
2020/5/20, 33, 29, 6, 1, 1
2020/5/21, 30, 38, 10, 1, 2
2020/5/22, 27, 39, 7, 1, 3
2020/5/23, 39, 32, 2, 1, 2
2020/5/24, 34, 24, 2, 1, 1
2020/5/25, 32, 20, 3, 1, 1
2020/5/26, 35, 19, 9, 1, 2
2020/5/27, 28, 28, 6, 1, 3
2020/5/28, 21, 16, 4, 1, 2
2020/5/29, 18, 16, 4, 1, 2
2020/5/30, 19, 32, 4, 1, 3
2020/5/31, 16, 24, 4, 1, 2
2020/6/1, 15, 25, 8, 1, 2
2020/6/2, 24, 30, 10, 1, 4
2020/6/3, 26, 43, 11, 1, 6
2020/6/4, 44, 40, 11, 1, 3
2020/6/5, 53, 35, 9, 1, 1
2020/6/6, 50, 34, 6, 1, 1
2020/6/7, 35, 20, 5, 1, 1
2020/6/8, 29, 24, 11, 1, 1
2020/6/9, 31, 34, 13, 1, 1
2020/6/10, 38, 32, 5, 1, 1
2020/6/11, 48, 26, 6, 1, 1
2020/6/12, 45, 36, 8, 1, 1
2020/6/13, 34, 27, 5, 1, 1
2020/6/14, 20, 17, 3, 1, 
2020/6/15, 27, 17, 3, 1, 1
2020/6/16, 28, 24, 10, 1, 1
2020/6/17, 39, 29, 12, 1, 2
2020/6/18, 44, 25, 6, 1, 1
2020/6/19, 23, 30, 5, 1, 
2020/6/20, 22, 39, 5, 1, 1
2020/6/21, 35, 41, 6, 1, 2
2020/6/22, 49, 19, 4, , 1
2020/6/23, 18, 38, 7, 1, 1
2020/6/24, 37, 35, 11, 1, 1
2020/6/25, 44, 40, 11, 1, 1
2020/6/26, 33, 45, 11, 1, 1
2020/6/27, 47, 39, 8, 1, 1
2020/6/28, 39, 33, 6, 1, 1
2020/6/29, 32, 28, 12, 1, 2
2020/6/30, 23, 26, 7, 1, 1
2020/7/1, 23, 25, 10, 1, 1
2020/1/2, 21, 21, 18, 1, 2
2020/1/3, 32, 15, 23, 1, 4
2020/1/4, 41, 16, 20, 1, 4
2020/1/5, 45, 23, 7, 1, 1
2020/1/6, 18, 14, 20, 1, 3
2020/1/7, 34, 21, 21, 1, 2
2020/1/8, 31, 23, 16, 1, 2
2020/1/9, 39, 19, 16, 1, 2
2020/1/10, 30, 21, 20, 1, 2
2020/1/11, 40, 31, 7, 1, 1
2020/1/12, 25, 27, 4, 1, 1
2020/1/13, 18, 18, 11, 1, 2
2020/1/14, 33, 10, 14, 1, 3
2020/1/15, 42, 17, 19, 1, 3
2020/1/16, 40, 20, 16, 1, 3
2020/1/17, 30, 28, 14, 1, 1
2020/1/18, 29, 23, 17, 1, 2
2020/1/19, 31, 22, 19, 1, 3
2020/1/20, 40, 26, 17, 1, 2
2020/1/21, 30, 24, 25, 1, 3
2020/1/22, 40, 21, 35, 1, 5
2020/1/23, 56, 20, 34, 1, 5
2020/1/24, 59, 18, 29, 1, 5
2020/1/25, 62, 27, 8, 1, 2
2020/1/26, 25, 23, 8, 1, 2
2020/1/27, 15, 14, 12, 1, 2
2020/1/28, 25, 27, 14, 1, 1
2020/1/29, 17, 27, 16, 1, 1
2020/1/30, 23, 20, 23, 1, 2
2020/1/31, 35, 26, 26, 1, 3
2020/2/1, 45, 18, 24, 1, 3
2020/2/2, 46, 18, 17, 1, 3
2020/2/3, 53, 18, 23, 1, 4
2020/2/4, 45, 10, 30, 1, 6
2020/2/5, 49, 20, 22, 1, 2
2020/2/6, 35, 18, 16, , 2
2020/2/7, 24, 23, 16, , 2
2020/2/8, 17, 27, 7, , 1
2020/2/9, 29, 24, 15, , 2
2020/2/10, 36, 26, 16, , 2
2020/2/11, 38, 3, 22, , 4
2020/2/12, 47, 26, 16, , 2
2020/2/13, 37, 14, 29, , 4
2020/2/14, 40, 27, 14, , 2
2020/2/15, 27, 26, 14, , 2
2020/2/16, 34, 25, 15, , 2
2020/2/17, 39, 29, 18, , 2
2020/2/18, 43, 23, 15, , 2
2020/2/19, 34, 28, 12, , 1
2020/2/20, 25, 26, 15, , 1
2020/2/21, 24, 24, 19, , 2
2020/2/22, 34, 31, 15, , 3
2020/2/23, 45, 35, 18, , 4
2020/2/24, 50, 36, 20, 1, 3
2020/2/25, 52, 23, 22, 1, 3
2020/2/26, 50, 29, 17, , 2
2020/2/27, 45, 32, 7, , 2
2020/2/28, 18, 30, 12, , 2
2020/2/29, 32, 28, 16, , 3
2020/3/1, 33, 26, 11, , 2
2020/3/2, 34, 33, 25, , 4
2020/3/3, 45, 33, 11, 1, 3
2020/3/4, 43, 28, 9, 1, 2
2020/3/5, 30, 27, 18, 1, 3
2020/3/6, 31, 30, 20, 1, 5
2020/3/7, 42, 32, 7, 1, 1
2020/3/8, 22, 31, 15, 1, 3
2020/3/9, 32, 37, 17, 1, 3
2020/3/10, 40, 31, 13, 1, 2
2020/3/11, 44, 27, 12, 1, 2
2020/3/12, 26, 27, 11, 1, 2
2020/3/13, 33, 30, 10, 1, 2
2020/3/14, 30, 28, 7, 1, 2
2020/3/15, 27, 35, 7, 1, 1
2020/3/16, 23, 31, 7, 1, 1
2020/3/17, 27, 25, 17, 1, 3
2020/3/18, 31, 32, 12, 1, 2
2020/3/19, 28, 27, 9, 1, 1
2020/3/20, 30, 23, 13, 1, 2
2020/3/21, 33, 31, 5, 1, 1
2020/3/22, 24, 32, 5, 1, 1
2020/3/23, 31, 29, 8, 1, 1
2020/3/24, 30, 30, 11, , 1
2020/3/25, 22, 29, 7, , 1
2020/3/26, 30, 33, 9, , 1
2020/3/27, 33, 33, 12, , 1
2020/3/28, 27, 26, 13, , 2
2020/3/29, 34, 20, , , 1
2020/3/30, 36, , , , 
2019/10/2, 35, 21, 12, 1, 1
2019/10/3, 30, 19, 5, , 1
2019/10/4, 25, 22, 11, , 1
2019/10/5, 26, 19, 11, , 2
2019/10/6, 33, 24, 8, , 1
2019/10/7, 37, 26, 8, , 1
2019/10/8, 23, 16, 16, 1, 1
2019/10/9, 26, 15, 7, , 1
2019/10/10, 35, 18, 5, , 1
2019/10/11, 33, 18, 4, , 
2019/10/12, 35, 18, 7, 1, 2
2019/10/13, 28, 19, 12, 1, 2
2019/10/14, 42, 23, 13, 1, 2
2019/10/15, 45, 22, 15, 1, 1
2019/10/16, 40, 27, 11, 1, 2
2019/10/17, 43, 28, 6, 1, 1
2019/10/18, 26, 16, 9, , 1
2019/10/19, 24, 21, 14, 1, 2
2019/10/20, 37, 15, 17, 1, 4
2019/10/21, 55, 20, 15, 1, 1
2019/10/22, 38, 16, 13, 1, 1
2019/10/23, 39, 23, 14, , 2
2019/10/24, 32, 28, 17, 1, 2
2019/10/25, 41, 16, 23, 1, 2
2019/10/26, 47, 21, 11, 1, 2
2019/10/27, 40, 22, 7, , 1
2019/10/28, 34, 18, 10, , 1
2019/10/29, 28, 18, 11, 1, 1
2019/10/30, 27, 11, 18, 1, 56
2019/10/31, 39, 28, 7, , 35
2019/11/1, 30, 27, 7, , 1
2019/11/2, 27, 18, 14, 1, 2
2019/11/3, 38, 22, 13, 1, 2
2019/11/4, 48, 22, 18, 1, 2
2019/11/5, 43, 13, 23, 1, 3
2019/11/6, 45, 23, 19, 1, 2
2019/11/7, 42, 18, 22, 1, 2
2019/11/8, 48, 19, 11, , 1
2019/11/9, 21, 18, 15, 1, 2
2019/11/10, 38, 23, 19, 1, 2
2019/11/11, 50, 12, 21, 1, 3
2019/11/12, 61, 20, 15, 1, 2
2019/11/13, 38, 20, 12, 1, 1
2019/11/14, 28, 15, 25, 1, 3
2019/11/15, 46, 22, 22, 1, 3
2019/11/16, 51, 24, 12, , 1
2019/11/17, 29, 21, 12, , 1
2019/11/18, 39, 17, 13, , 1
2019/11/19, 35, 13, 20, 1, 2
2019/11/20, 41, 16, 16, , 1
2019/11/21, 33, 14, 21, 1, 3
2019/11/22, 47, 17, 14, 1, 2
2019/11/23, 47, 24, 15, 1, 2
2019/11/24, 33, 23, 14, 1, 2
2019/11/25, 41, 18, 17, 1, 2
2019/11/26, 56, 21, 23, 1, 4
2019/11/27, 66, 19, 27, 1, 7
2019/11/28, 64, 20, 6, 1, 1
2019/11/29, 28, 21, 9, , 1
2019/11/30, 25, 27, 9, 1, 1
2019/12/1, 28, 27, 19, 1, 2
2019/12/2, 45, 29, 8, , 1
2019/12/3, 28, 25, 17, 1, 2
2019/12/4, 32, 17, 26, 1, 3
2019/12/5, 45, 17, 18, 1, 2
2019/12/6, 46, 10, 21, 1, 3
2019/12/7, 41, 20, 13, 1, 2
2019/12/8, 39, 23, 21, 1, 3
2019/12/9, 46, 29, 17, 1, 2
2019/12/10, 36, 23, 11, 1, 2
2019/12/11, 42, 18, 19, , 2
2019/12/12, 32, 20, 23, , 3
2019/12/13, 47, 11, 28, 1, 3
2019/12/14, 40, 22, 15, 1, 3
2019/12/15, 14, 25, 4, 1, 1
2019/12/16, 19, 23, 17, 1, 2
2019/12/17, 29, 17, 25, 1, 2
2019/12/18, 30, 21, 19, 1, 2
2019/12/19, 27, 20, 13, 1, 1
2019/12/20, 31, 21, 18, 1, 2
2019/12/21, 37, 12, 27, 1, 3
2019/12/22, 46, 14, 21, 1, 3
2019/12/23, 69, 25, 25, , 4
2019/12/24, 55, 22, 17, , 2
2019/12/25, 29, 15, 23, 2, 4
2019/12/26, 46, 20, 21, 1, 4
2019/12/27, 49, 22, 19, , 2
2019/12/28, 37, 19, 12, 1, 2
2019/12/29, 28, 19, 14, 1, 2
2019/12/30, 32, , , , 
2019/7/2, 34, 29, 12, , 2
2019/7/3, 35, 55, 13, 1, 2
2019/7/4, 56, 32, 9, 1, 2
2019/7/5, 69, 43, 9, , 2
2019/7/6, 62, 35, 5, , 1
2019/7/7, 38, 20, 8, 1, 1
2019/7/8, 28, 29, 10, 1, 1
2019/7/9, 34, 30, 15, , 2
2019/7/10, 41, 41, 17, 1, 2
2019/7/11, 59, 43, 13, , 2
2019/7/12, 58, 29, 14, 1, 1
2019/7/13, 31, 31, 8, , 2
2019/7/14, 41, 32, 6, , 1
2019/7/15, 41, 23, 8, , 1
2019/7/16, 24, 52, 13, 1, 2
2019/7/17, 40, 37, 9, 1, 2
2019/7/18, 46, 14, 10, 1, 1
2019/7/19, 21, 57, 13, 1, 2
2019/7/20, 38, 35, 5, , 2
2019/7/21, 50, 35, 6, , 1
2019/7/22, 28, 20, 11, 1, 1
2019/7/23, 43, 24, 6, , 1
2019/7/24, 22, 28, 12, , 2
2019/7/25, 36, 24, 9, , 1
2019/7/26, 37, 34, 12, 1, 2
2019/7/27, 48, 36, 7, 1, 1
2019/7/28, 37, 45, 6, , 2
2019/7/29, 44, 44, 12, , 2
2019/7/30, 58, 49, 13, , 2
2019/7/31, 67, 44, 14, , 3
2019/8/1, 52, 27, 12, , 1
2019/8/2, 35, 43, 14, 1, 1
2019/8/3, 36, 35, 8, , 1
2019/8/4, 40, 32, 8, 1, 1
2019/8/5, 39, 36, 9, , 1
2019/8/6, 27, 27, 11, , 2
2019/8/7, 42, 36, 10, , 1
2019/8/8, 35, 43, 11, , 1
2019/8/9, 28, 28, 11, , 1
2019/8/10, 29, 20, 6, , 1
2019/8/11, 23, 16, 4, , 1
2019/8/12, 17, 40, 11, , 1
2019/8/13, 38, 31, 10, , 2
2019/8/14, 44, 25, 7, 1, 2
2019/8/15, 42, 26, 9, , 1
2019/8/16, 33, 22, 10, , 2
2019/8/17, 29, 18, 7, , 2
2019/8/18, 24, 32, 11, , 2
2019/8/19, 38, 37, 10, , 1
2019/8/20, 40, 34, 15, , 2
2019/8/21, 42, 34, 15, , 2
2019/8/22, 43, 37, 11, , 1
2019/8/23, 38, 21, 12, , 1
2019/8/24, 29, 13, 5, , 1
2019/8/25, 24, 22, 4, , 1
2019/8/26, 22, 23, 7, , 1
2019/8/27, 29, 28, 13, 1, 2
2019/8/28, 36, 19, 12, , 1
2019/8/29, 22, 33, 12, , 1
2019/8/30, 22, 51, 13, 1, 1
2019/8/31, 40, 27, 9, , 1
2019/9/1, 25, 15, 5, , 1
2019/9/2, 25, 21, 6, , 1
2019/9/3, 28, 23, 10, , 2
2019/9/4, 29, 36, 12, , 1
2019/9/5, 33, 23, 8, , 1
2019/9/6, 21, 19, 15, 1, 2
2019/9/7, 33, 18, 4, , 1
2019/9/8, 21, 19, 5, , 1
2019/9/9, 26, 20, 9, 1, 1
2019/9/10, 31, 19, 9, 1, 2
2019/9/11, 31, 39, 10, , 1
2019/9/12, 43, 22, 10, , 1
2019/9/13, 28, 19, 6, 1, 1
2019/9/14, 26, 21, 9, , 2
2019/9/15, 33, 29, 6, , 1
2019/9/16, 21, 22, 12, 1, 1
2019/9/17, 22, 14, 9, , 1
2019/9/18, 29, 21, 6, , 1
2019/9/19, 23, 21, 14, 1, 2
2019/9/20, 32, 30, 17, , 3
2019/9/21, 39, 33, 15, , 3
2019/9/22, 46, 48, 10, 1, 2
2019/9/23, 46, 40, 10, 1, 1
2019/9/24, 54, 23, 10, , 1
2019/9/25, 25, 18, 10, 1, 1
2019/9/26, 25, 39, 16, 1, 2
2019/9/27, 41, 30, 14, , 1
2019/9/28, 35, 37, 9, , 1
2019/9/29, 38, 22, 7, , 1
2019/9/30, 26, 17, 6, , 1
2019/10/1, 30, 25, 11, , 1
2019/4/2, 30, 36, 20, 1, 2
2019/4/3, 41, 39, 11, , 1
2019/4/4, 30, 34, 11, , 1
2019/4/5, 33, 30, 14, , 2
2019/4/6, 34, 22, 15, , 2
2019/4/7, 36, , 14, , 2
2019/4/8, 45, 26, 15, , 1
2019/4/9, 36, 26, 10, , 1
2019/4/10, 28, 27, 13, , 1
2019/4/11, 31, 34, 17, , 2
2019/4/12, 39, 34, 19, , 2
2019/4/13, 44, 36, 9, , 2
2019/4/14, 35, 36, 14, 1, 2
2019/4/15, 44, 39, 14, 1, 1
2019/4/16, 22, 29, 9, , 1
2019/4/17, 23, 36, 15, , 1
2019/4/18, 30, 33, 18, , 1
2019/4/19, 33, 36, 7, , 1
2019/4/20, 37, 31, 4, , 1
2019/4/21, 32, 34, 6, , 1
2019/4/22, 19, 29, 13, 1, 2
2019/4/23, 25, 23, 8, , 1
2019/4/24, 19, 29, 13, , 1
2019/4/25, 28, 25, 10, , 1
2019/4/26, 23, 20, 10, , 1
2019/4/27, 26, 30, 8, 1, 1
2019/4/28, 20, 32, 8, , 1
2019/4/29, 32, 34, 15, , 2
2019/4/30, 30, 29, 17, 1, 2
2019/5/1, 29, 30, 21, 1, 2
2019/5/2, 39, 30, 15, 1, 3
2019/5/3, 34, 28, 12, 1, 2
2019/5/4, 39, 27, 14, 1, 2
2019/5/5, 32, 26, 13, 1, 1
2019/5/6, 23, 29, 9, 1, 1
2019/5/7, 24, 42, 29, 1, 2
2019/5/8, 38, 30, 30, 1, 2
2019/5/9, 35, 32, 8, 1, 1
2019/5/10, 34, 30, 13, 1, 1
2019/5/11, 37, 31, 7, 1, 1
2019/5/12, 21, 28, 7, 1, 1
2019/5/13, 22, 24, 8, 1, 1
2019/5/14, 29, 24, 9, 1, 1
2019/5/15, 22, 23, 17, 1, 2
2019/5/16, 32, 30, 19, 1, 3
2019/5/17, 34, 24, 26, 1, 4
2019/5/18, 61, 32, 8, 1, 1
2019/5/19, 27, 33, 6, 1, 1
2019/5/20, 33, 38, 10, 1, 1
2019/5/21, 42, 27, 8, , 1
2019/5/22, 18, 27, 10, , 1
2019/5/23, 21, 31, 10, , 1
2019/5/24, 30, 29, 8, , 1
2019/5/25, 23, 31, 7, , 1
2019/5/26, 26, 38, 5, , 1
2019/5/27, 28, 26, 10, 1, 1
2019/5/28, 29, 23, 8, , 1
2019/5/29, 28, 25, 8, , 1
2019/5/30, 19, 22, 11, , 2
2019/5/31, 23, 23, 11, , 2
2019/6/1, 28, 28, 10, , 2
2019/6/2, 42, 25, 9, , 1
2019/6/3, 19, 28, 10, , 1
2019/6/4, 24, 33, 11, , 1
2019/6/5, 29, 49, 12, , 1
2019/6/6, 48, 30, 8, 1, 1
2019/6/7, 39, 31, 11, , 1
2019/6/8, 30, 30, 8, , 1
2019/6/9, 28, 39, 8, , 1
2019/6/10, 26, 30, 10, 1, 1
2019/6/11, 29, 28, 9, , 1
2019/6/12, 12, 31, 9, , 1
2019/6/13, 24, 28, 9, , 1
2019/6/14, 19, 33, 9, , 1
2019/6/15, 21, 41, 7, , 1
2019/6/16, 31, 34, 9, , 1
2019/6/17, 42, 27, 9, , 2
2019/6/18, 32, 16, 20, 1, 3
2019/6/19, 51, 30, 14, 1, 2
2019/6/20, 36, 22, 10, 1, 2
2019/6/21, 17, 18, 11, , 1
2019/6/22, 23, 22, 9, , 1
2019/6/23, 27, 25, 6, , 1
2019/6/24, 30, 33, 13, 1, 1
2019/6/25, 44, 28, 12, , 2
2019/6/26, 44, 26, 10, 1, 1
2019/6/27, 24, 26, 16, 1, 2
2019/6/28, 33, 48, 16, 1, 3
2019/6/29, 49, 41, 13, , 3
2019/6/30, 50, 26, 6, , 1
2019/7/1, 25, 25, 10, , 1
2019/1/2, 28, 22, 17, 1, 2
2019/1/3, 38, 15, 17, 1, 2
2019/1/4, 39, 17, 18, 1, 3
2019/1/5, 51, 11, 19, 1, 4
2019/1/6, 63, 27, 10, 1, 2
2019/1/7, 41, 25, 19, 1, 2
2019/1/8, 38, 14, 26, 1, 3
2019/1/9, 45, 19, 14, 1, 3
2019/1/10, 36, 21, 11, , 1
2019/1/11, 32, 26, 12, , 1
2019/1/12, 35, 25, 11, , 1
2019/1/13, 36, 22, 13, 1, 2
2019/1/14, 39, 17, 25, 1, 3
2019/1/15, 53, 22, 24, 1, 3
2019/1/16, 42, 21, 21, 1, 3
2019/1/17, 56, 23, 19, , 2
2019/1/18, 42, 17, 22, , 3
2019/1/19, 50, 22, 13, , 1
2019/1/20, 43, 23, 13, , 1
2019/1/21, 32, 23, 10, , 1
2019/1/22, 45, 21, 13, , 1
2019/1/23, 48, , , , 
2019/1/29, 49, 26, 16, 1, 2
2019/1/30, 44, 27, 16, 1, 2
2019/1/31, 47, 25, 14, 1, 2
2019/2/1, 53, 22, 17, 1, 2
2019/2/2, 59, 27, 19, 1, 3
2019/2/3, 68, 19, 20, 1, 3
2019/2/4, 74, 26, 22, 1, 3
2019/2/5, 75, 26, 18, 1, 3
2019/2/6, 54, 23, 10, 1, 1
2019/2/7, 42, 18, 15, , 1
2019/2/8, 38, 21, 15, 1, 2
2019/2/9, 30, 28, 8, , 1
2019/2/10, 35, 29, 10, , 2
2019/2/11, 33, 27, 15, , 1
2019/2/12, 31, 25, 17, 1, 2
2019/2/13, 35, 25, 18, 1, 2
2019/2/14, 29, 28, 19, 1, 3
2019/2/15, 41, 29, 20, 1, 3
2019/2/16, 52, 26, 12, 1, 1
2019/2/17, 43, 29, 10, 1, 1
2019/2/18, 39, 28, 17, , 1
2019/2/19, 41, 28, 17, 1, 1
2019/2/20, 43, 23, 23, 1, 2
2019/2/21, 49, 23, 20, 1, 2
2019/2/22, 43, 31, 16, , 2
2019/2/23, 43, 26, 20, 1, 2
2019/2/24, 48, 30, 10, 1, 2
2019/2/25, 32, 31, 8, 1, 1
2019/2/26, 27, 28, 11, , 1
2019/2/27, 37, 26, 17, 1, 2
2019/2/28, 38, 27, 26, 1, 2
2019/3/1, 52, 29, 28, 1, 3
2019/3/2, 52, 28, 19, , 2
2019/3/3, 42, 31, 18, 1, 2
2019/3/4, 53, 31, 20, , 2
2019/3/5, 39, 30, 24, 1, 2
2019/3/6, 56, 30, 18, 1, 2
2019/3/7, 49, 28, 19, 1, 2
2019/3/8, 46, 33, 27, 1, 2
2019/3/9, 52, 37, 23, 1, 3
2019/3/10, 61, 33, 21, 1, 3
2019/3/11, 46, 36, 17, 1, 2
2019/3/12, 41, 32, 14, , 1
2019/3/13, 37, 27, 20, 1, 2
2019/3/14, 43, 33, 23, 1, 2
2019/3/15, 44, 35, 14, , 1
2019/3/16, 46, 32, 7, , 1
2019/3/17, 28, 32, 7, , 1
2019/3/18, 27, 33, 19, , 2
2019/3/19, 33, 32, 25, 1, 2
2019/3/20, 43, 35, 23, 1, 3
2019/3/21, 48, 37, 17, , 1
2019/3/22, 37, 33, 11, , 1
2019/3/23, 24, 31, 7, , 1
2019/3/24, 23, 41, 11, 1, 1
2019/3/25, 35, 34, 17, , 1
2019/3/26, 34, 35, 13, , 1
2019/3/27, 36, 34, 13, , 2
2019/3/28, 34, 35, 16, , 2
2019/3/29, 42, 29, 21, , 2
2019/3/30, 42, 37, 12, 1, 2
2019/3/31, 48, 37, 5, , 1
2019/4/1, 31, 32, 14, , 1
2018/10/2, 44, 11, 16, 1, 2
2018/10/3, 36, 10, 12, 1, 2
2018/10/4, 35, 26, 12, 1, 3
2018/10/5, 43, 17, 9, 1, 2
2018/10/6, 30, 23, 14, 1, 2
2018/10/7, 48, 20, 6, 1, 2
2018/10/8, 33, 13, 8, 1, 1
2018/10/9, 33, 23, 11, 1, 3
2018/10/10, 38, 27, 11, 1, 3
2018/10/11, 34, 8, 13, 1, 2
2018/10/12, 41, 12, 11, 1, 2
2018/10/13, 24, 18, 12, 1, 2
2018/10/14, 38, 25, 12, 1, 3
2018/10/15, 46, 24, 22, 1, 4
2018/10/16, 58, 22, 12, 1, 2
2018/10/17, 31, 24, 13, 1, 2
2018/10/18, 49, 20, 13, 1, 1
2018/10/19, 41, 25, 19, 1, 2
2018/10/20, 48, 29, 11, 1, 2
2018/10/21, 37, 21, 11, 1, 1
2018/10/22, 35, 21, 21, 1, 2
2018/10/23, 49, 20, 21, 1, 3
2018/10/24, 54, 15, 15, , 2
2018/10/25, 41, 21, 15, 1, 2
2018/10/26, 49, 23, 18, 1, 3
2018/10/27, 46, 26, 7, 1, 1
2018/10/28, 39, 17, 9, 1, 2
2018/10/29, 27, 12, 13, 1, 2
2018/10/30, 42, 15, 14, , 2
2018/10/31, 41, 28, 21, , 4
2018/11/1, 55, 18, 20, , 3
2018/11/2, 64, 25, 13, , 2
2018/11/3, 47, 19, 8, , 1
2018/11/4, 24, 20, 9, , 1
2018/11/5, 42, 17, 12, , 1
2018/11/6, 39, 18, 16, , 2
2018/11/7, 35, 21, 15, , 2
2018/11/8, 38, 14, 13, , 2
2018/11/9, 44, 16, 16, 1, 2
2018/11/10, 49, 23, 9, , 1
2018/11/11, 31, 25, 8, , 1
2018/11/12, 40, 19, 26, 1, 3
2018/11/13, 54, 20, 17, , 2
2018/11/14, 36, 25, 13, , 1
2018/11/15, 40, 23, 24, 1, 2
2018/11/16, 53, 24, 13, , 2
2018/11/17, 35, 19, 12, , 2
2018/11/18, 52, 18, 11, , 2
2018/11/19, 47, 6, 24, 1, 4
2018/11/20, 64, 13, 19, , 2
2018/11/21, 45, 23, 18, , 2
2018/11/22, 47, 23, 7, , 1
2018/11/23, 43, 22, 16, , 2
2018/11/24, 49, 23, 19, , 3
2018/11/25, 56, 23, 21, , 3
2018/11/26, 53, 28, 19, , 2
2018/11/27, 51, 23, 16, , 2
2018/11/28, 25, 12, 13, , 2
2018/11/29, 25, 18, 12, , 1
2018/11/30, 23, 14, 21, 1, 3
2018/12/1, 39, 17, 17, , 2
2018/12/2, 46, 24, 15, , 3
2018/12/3, 41, 13, 18, , 3
2018/12/4, 47, 23, 13, , 1
2018/12/5, 27, 20, 22, 1, 2
2018/12/6, 44, 19, 21, , 3
2018/12/7, 48, 22, 14, , 2
2018/12/8, 53, 25, 12, , 2
2018/12/9, 36, 22, 22, 1, 3
2018/12/10, 60, 22, 23, 1, 2
2018/12/11, 57, 14, 30, 1, 4
2018/12/12, 59, 24, 21, 1, 2
2018/12/13, 59, 17, 25, 1, 3
2018/12/14, 57, 18, 35, 1, 5
2018/12/15, 58, 19, 15, , 2
2018/12/16, 42, 21, 7, , 1
2018/12/17, 39, 19, 16, , 2
2018/12/18, 36, 20, 11, , 1
2018/12/19, 34, 17, 24, 1, 3
2018/12/20, 48, 12, 29, 1, 4
2018/12/21, 76, 29, 20, 1, 2
2018/12/22, 37, 31, 6, , 1
2018/12/23, 36, 24, 10, , 1
2018/12/24, 34, 17, 22, 1, 3
2018/12/25, 55, 27, 11, 1, 1
2018/12/26, 42, 20, 18, , 2
2018/12/27, 43, 22, 17, , 2
2018/12/28, 50, 24, 16, 1, 2
2018/12/29, 37, 21, 13, 1, 3
2018/12/30, 36, 22, 15, , 2
2018/12/31, 43, , , , 
2018/7/2, 67, 43, 10, 1, 2
2018/7/3, 71, 48, 11, 1, 3
2018/7/4, 79, 39, 10, 1, 3
2018/7/5, 78, 40, 10, 1, 2
2018/7/6, 69, 24, 6, 1, 1
2018/7/7, 32, 31, 6, 1, 1
2018/7/8, 37, 33, 7, 1, 2
2018/7/9, 51, 40, 11, 1, 2
2018/7/10, 52, 60, 13, 1, 2
2018/7/11, 56, 26, 9, 1, 1
2018/7/12, 51, 24, 11, 1, 1
2018/7/13, 49, 35, 10, 1, 2
2018/7/14, 51, 24, 6, 1, 2
2018/7/15, 45, 35, 6, 1, 2
2018/7/16, 46, 41, 14, 1, 2
2018/7/17, 43, 40, 6, 1, 1
2018/7/18, 38, 28, 5, 1, 1
2018/7/19, 30, 34, 9, 1, 1
2018/7/20, 33, 39, 8, 1, 1
2018/7/21, 39, 27, 5, 1, 1
2018/7/22, 31, 26, 3, 1, 
2018/7/23, 23, 15, 6, 1, 
2018/7/24, 35, 19, 7, 1, 1
2018/7/25, 40, 17, 6, 1, 2
2018/7/26, 25, 32, 10, 1, 2
2018/7/27, 16, 46, 15, 1, 3
2018/7/28, 51, 42, 7, 1, 2
2018/7/29, 41, 28, 5, 1, 2
2018/7/30, 37, 31, 12, 1, 2
2018/7/31, 50, 43, 14, 1, 3
2018/8/1, 59, 26, 13, 1, 2
2018/8/2, 50, 40, 9, 1, 2
2018/8/3, 24, 26, 8, 1, 2
2018/8/4, 20, 19, 5, 1, 2
2018/8/5, 8, 42, 12, 1, 3
2018/8/6, 31, 46, 15, 1, 3
2018/8/7, 52, 48, 14, 1, 3
2018/8/8, 67, 46, 12, 1, 2
2018/8/9, 34, 34, 12, 1, 2
2018/8/10, 26, 37, 16, 1, 3
2018/8/11, 53, 24, 10, 1, 2
2018/8/12, 43, 17, 8, 1, 1
2018/8/13, 34, 24, 12, 1, 1
2018/8/14, 34, 32, 20, 1, 2
2018/8/15, 25, 38, 14, 1, 3
2018/8/16, 28, 41, 16, 1, 3
2018/8/17, 72, 36, 14, 1, 2
2018/8/18, 47, 28, 7, 1, 2
2018/8/19, 39, 20, 2, 1, 1
2018/8/20, 27, 20, 6, 1, 1
2018/8/21, 30, 19, 7, 1, 1
2018/8/22, 34, 24, 10, 1, 2
2018/8/23, 23, 19, 13, 1, 2
2018/8/24, 36, 38, 14, 1, 3
2018/8/25, 54, 42, 11, 1, 3
2018/8/26, 56, 42, 7, 1, 3
2018/8/27, 41, 36, 13, , 3
2018/8/28, 53, 72, 16, , 4
2018/8/29, 74, 62, 18, 1, 3
2018/8/30, 69, 37, 14, 1, 2
2018/8/31, 61, 22, 5, 1, 1
2018/9/1, 44, 19, 4, , 
2018/9/2, 38, 39, 6, 1, 4
2018/9/3, 52, 37, 5, 1, 2
2018/9/4, 47, 30, 11, 1, 1
2018/9/5, 59, 36, 11, 1, 2
2018/9/6, 56, 39, 12, 1, 2
2018/9/7, 49, 17, 8, 1, 1
2018/9/8, 40, 20, 10, 1, 1
2018/9/9, 37, 16, 3, 1, 1
2018/9/10, 27, 20, 6, 1, 1
2018/9/11, 37, 16, 15, 1, 2
2018/9/12, 32, 9, 15, 1, 2
2018/9/13, 41, 14, 12, 1, 2
2018/9/14, 30, 25, 15, 1, 3
2018/9/15, 43, 23, 11, 1, 3
2018/9/16, 51, 22, 11, 1, 4
2018/9/17, 52, 29, 11, 1, 2
2018/9/18, 44, 16, 13, 1, 3
2018/9/19, 32, 12, 7, 1, 1
2018/9/20, 29, 17, 5, 1, 1
2018/9/21, 31, 23, 13, 1, 2
2018/9/22, 34, 22, 6, 1, 1
2018/9/23, 33, 18, 13, 1, 3
2018/9/24, 40, 23, 8, 1, 1
2018/9/25, 44, 23, 6, 1, 1
2018/9/26, 35, 24, 9, 1, 2
2018/9/27, 15, 20, 12, 1, 1
2018/9/28, 31, 15, 11, 1, 2
2018/9/29, 37, 26, 11, 1, 3
2018/9/30, 37, 28, 13, 1, 3
2018/10/1, 39, 18, 18, 1, 2
2018/4/2, 43, 29, 23, , 3
2018/4/3, 50, 32, 21, , 3
2018/4/4, 54, 36, 14, , 2
2018/4/5, 35, 32, 9, , 2
2018/4/6, 40, 27, 24, , 3
2018/4/7, 53, 35, 12, , 2
2018/4/8, 38, 31, 8, , 1
2018/4/9, 36, 30, 17, , 2
2018/4/10, 43, 27, 21, , 2
2018/4/11, 54, 33, 18, , 4
2018/4/12, 70, 40, 18, , 3
2018/4/13, 65, 34, 26, 1, 3
2018/4/14, 74, 36, 11, , 2
2018/4/15, 54, 35, 4, , 1
2018/4/16, 38, 30, 7, , 1
2018/4/17, 36, 27, 10, , 2
2018/4/18, 32, 27, 11, , 2
2018/4/19, 36, 21, 20, , 3
2018/4/20, 41, 29, 11, , 2
2018/4/21, 35, 39, 11, , 2
2018/4/22, 38, 39, 15, , 2
2018/4/23, 43, 39, 16, , 3
2018/4/24, 46, 47, 17, , 2
2018/4/25, 49, 31, 19, , 2
2018/4/26, 38, 34, 14, 2, 2
2018/4/27, 30, 25, 19, , 2
2018/4/28, 44, 43, 12, , 2
2018/4/29, 53, 39, 9, , 2
2018/4/30, 39, 20, 14, , 2
2018/5/1, 32, 33, 17, , 3
2018/5/2, 51, 64, 18, 1, 3
2018/5/3, 58, 44, 20, , 3
2018/5/4, 66, 44, 15, 1, 3
2018/5/5, 59, 38, 8, , 2
2018/5/6, 38, 37, 14, , 2
2018/5/7, 49, 25, 13, , 2
2018/5/8, 54, 31, 12, , 2
2018/5/9, 46, 28, 14, , 2
2018/5/10, 43, 36, 12, , 1
2018/5/11, 42, 32, 12, , 1
2018/5/12, 37, 25, 15, , 1
2018/5/13, 45, 33, 6, , 1
2018/5/14, 46, 35, 11, , 2
2018/5/15, 43, 35, 13, , 2
2018/5/16, 52, 24, 9, , 1
2018/5/17, 45, 24, 14, , 3
2018/5/18, 52, 24, 6, , 1
2018/5/19, 43, 24, 8, , 1
2018/5/20, 42, 23, 6, , 2
2018/5/21, 27, 35, 14, , 2
2018/5/22, 47, 31, 20, , 3
2018/5/23, 53, 33, 11, , 2
2018/5/24, 47, 34, 9, , 1
2018/5/25, 47, 62, 13, , 2
2018/5/26, 63, 56, 10, 1, 2
2018/5/27, 67, 28, 6, , 1
2018/5/28, 55, 20, 5, , 1
2018/5/29, 46, 31, 11, , 3
2018/5/30, 58, 23, 15, , 2
2018/5/31, 62, 35, 12, , 2
2018/6/1, 54, 22, 10, , 2
2018/6/2, 35, 18, 5, , 1
2018/6/3, 41, 24, 1, , 1
2018/6/4, 34, 24, 6, , 1
2018/6/5, 32, 17, 13, , 2
2018/6/6, 40, 25, 8, , 1
2018/6/7, 34, 28, 10, , 2
2018/6/8, 46, 40, 17, , 3
2018/6/9, 57, 31, 16, 1, 3
2018/6/10, 55, 33, 6, 1, 1
2018/6/11, 50, 25, 7, , 1
2018/6/12, 46, 40, 8, , 1
2018/6/13, 50, 30, 9, , 2
2018/6/14, 46, 32, 10, , 2
2018/6/15, 48, 16, 8, , 2
2018/6/16, 41, 12, 11, , 3
2018/6/17, 55, , 12, , 2
2018/6/18, 63, 49, 12, , 2
2018/6/19, 70, 28, 10, , 1
2018/6/20, 46, 37, 14, , 2
2018/6/21, 51, 31, 13, , 2
2018/6/22, 58, 26, 10, , 1
2018/6/23, 54, 24, 7, , 1
2018/6/24, 50, 26, 6, , 2
2018/6/25, 53, 22, 7, , 1
2018/6/26, 31, 35, 11, , 2
2018/6/27, 45, 32, 8, , 2
2018/6/28, 42, 19, 10, , 2
2018/6/29, 27, 36, 12, , 3
2018/6/30, 41, 44, 13, 1, 3
2018/7/1, 63, 50, 9, 1, 3
2018/1/2, 56, 23, 25, 1, 4
2018/1/3, 66, 17, 28, 1, 5
2018/1/4, 75, 25, 21, 4, 2
2018/1/5, 52, 25, 9, 1, 2
2018/1/6, 51, 26, 11, , 1
2018/1/7, 51, 26, 18, 1, 3
2018/1/8, 66, 22, 21, 2, 3
2018/1/9, 67, 20, 21, 1, 3
2018/1/10, 62, 17, 24, 1, 4
2018/1/11, 57, 21, 23, 1, 3
2018/1/12, 55, 26, 12, , 2
2018/1/13, 32, 25, 5, , 1
2018/1/14, 29, 25, 14, 1, 2
2018/1/15, 47, 21, 23, 3, 2
2018/1/16, 55, 15, 26, 1, 3
2018/1/17, 59, 13, 24, 1, 3
2018/1/18, 53, 20, 18, 1, 3
2018/1/19, 72, 16, 22, 1, 4
2018/1/20, 83, 26, 21, 1, 3
2018/1/21, 65, 26, 28, 1, 6
2018/1/22, 72, 15, 32, 1, 5
2018/1/23, 84, 17, 29, 2, 4
2018/1/24, 58, 26, 15, , 2
2018/1/25, 48, 26, 15, 1, 2
2018/1/26, 46, 25, 22, 1, 3
2018/1/27, 47, 32, 15, 1, 3
2018/1/28, 53, 29, 14, 1, 3
2018/1/29, 46, 24, 13, 1, 1
2018/1/30, 40, 25, 17, 1, 2
2018/1/31, 45, 25, 17, 1, 3
2018/2/1, 56, 22, 19, 1, 3
2018/2/2, 56, 21, 14, , 2
2018/2/3, 53, 27, 14, , 3
2018/2/4, 54, 25, 14, 1, 2
2018/2/5, 47, 26, 18, 1, 3
2018/2/6, 39, 22, 22, 1, 3
2018/2/7, 51, 6, 30, 1, 4
2018/2/8, 59, 25, 16, 1, 3
2018/2/9, 58, 27, 21, , 3
2018/2/10, 67, 28, 15, , 3
2018/2/11, 56, 13, 17, , 3
2018/2/12, 47, 26, 18, , 3
2018/2/13, 48, 26, 15, , 2
2018/2/14, 49, 25, 23, , 4
2018/2/15, 56, 6, 21, 1, 5
2018/2/16, 69, 27, 16, 1, 4
2018/2/17, 62, 29, 10, , 2
2018/2/18, 40, 26, 18, , 3
2018/2/19, 51, 31, 16, , 3
2018/2/20, 53, 27, 15, 1, 3
2018/2/21, 43, 27, 13, 1, 2
2018/2/22, 53, 26, 14, 1, 1
2018/2/23, 42, 26, 18, 1, 2
2018/2/24, 51, 20, 11, , 2
2018/2/25, 39, 28, 7, 1, 1
2018/2/26, 40, 26, 18, 1, 3
2018/2/27, 45, 31, 23, 1, 3
2018/2/28, 45, 33, 18, , 3
2018/3/1, 48, 30, 20, , 3
2018/3/2, 59, 33, 5, , 1
2018/3/3, 33, 32, 5, 1, 1
2018/3/4, 34, 32, 5, , 1
2018/3/5, 34, 31, 9, , 1
2018/3/6, 36, 28, 12, , 1
2018/3/7, 43, 32, 11, , 1
2018/3/8, 39, 27, 16, , 2
2018/3/9, 38, 26, 15, , 3
2018/3/10, 49, 29, 11, , 2
2018/3/11, 41, 29, 9, , 2
2018/3/12, 38, 32, 14, , 2
2018/3/13, 38, 33, 9, , 1
2018/3/14, 33, 31, 12, , 2
2018/3/15, 34, 31, 12, , 2
2018/3/16, 36, 29, 15, , 2
2018/3/17, 44, 34, 10, , 2
2018/3/18, 44, 33, 10, , 2
2018/3/19, 43, 29, 16, , 2
2018/3/20, 45, 24, 20, , 2
2018/3/21, 43, 27, 12, , 1
2018/3/22, 39, 30, 15, , 2
2018/3/23, 38, 31, 17, , 3
2018/3/24, 43, 34, 13, , 2
2018/3/25, 42, 31, 8, , 1
2018/3/26, 38, 32, 13, , 2
2018/3/27, 43, 32, 19, , 2
2018/3/28, 47, 28, 30, 1, 4
2018/3/29, 54, 24, 28, , 4
2018/3/30, 69, 29, 17, , 3
2018/3/31, 56, 36, 8, , 2
2018/4/1, 45, 36, 6, , 1
2017/10/2, 47, 20, 13, 1, 3
2017/10/3, 41, 25, 12, 1, 4
2017/10/4, 46, 38, 12, , 2
2017/10/5, 42, 32, 17, , 2
2017/10/6, 43, 27, 20, 1, 3
2017/10/7, 40, 34, 10, , 3
2017/10/8, 43, 21, 3, , 2
2017/10/9, 16, 16, 5, , 2
2017/10/10, 20, 22, 12, , 3
2017/10/11, 31, 17, 12, 1, 2
2017/10/12, 41, 21, 7, , 1
2017/10/13, 36, 23, 12, 2, 2
2017/10/14, 40, 15, 17, 1, 4
2017/10/15, 53, 26, 5, 1, 3
2017/10/16, 24, 20, 9, 1, 2
2017/10/17, 32, 21, 12, , 2
2017/10/18, 41, 29, 20, 1, 4
2017/10/19, 49, 37, 16, 1, 3
2017/10/20, 57, 27, 16, 1, 3
2017/10/21, 50, 33, 19, 1, 4
2017/10/22, 48, 26, 15, 1, 3
2017/10/23, 56, 23, 15, 1, 2
2017/10/24, 59, 28, 10, 1, 2
2017/10/25, 31, 23, 11, , 2
2017/10/26, 15, 22, 8, , 1
2017/10/27, 24, 23, 16, , 3
2017/10/28, 40, 34, 13, , 4
2017/10/29, 49, 31, 4, , 1
2017/10/30, 24, 30, 8, , 2
2017/10/31, 25, 22, 13, , 3
2017/11/1, 42, 10, 16, 1, 4
2017/11/2, 48, 25, 12, , 2
2017/11/3, 43, 25, 12, , 2
2017/11/4, 35, 17, 8, , 1
2017/11/5, 19, 20, 5, , 1
2017/11/6, 29, 23, 12, 1, 2
2017/11/7, 27, 14, 11, 1, 2
2017/11/8, 35, 18, 12, 2, 2
2017/11/9, 42, 19, 21, 2, 5
2017/11/10, 59, 27, 13, , 2
2017/11/11, 44, 24, 14, 3, 3
2017/11/12, 53, 14, 29, 2, 8
2017/11/13, 68, 16, 26, 2, 5
2017/11/14, 75, 16, 17, 2, 2
2017/11/15, 55, 20, 17, 1, 2
2017/11/16, 44, 18, 20, 1, 3
2017/11/17, 45, 20, 10, , 2
2017/11/18, 33, 23, 22, 1, 4
2017/11/19, 51, 28, 6, 1, 2
2017/11/20, 38, 24, 15, , 3
2017/11/21, 43, 29, 17, 1, 3
2017/11/22, 53, 16, 20, 1, 4
2017/11/23, 48, 22, 13, 1, 4
2017/11/24, 42, 21, 19, 1, 4
2017/11/25, 56, 29, 17, 1, 4
2017/11/26, 52, 22, 7, , 2
2017/11/27, 36, 22, 15, 1, 3
2017/11/28, 51, 26, 19, 1, 3
2017/11/29, 53, 26, 14, 1, 2
2017/11/30, 54, 16, 19, 1, 4
2017/12/1, 51, 18, 17, 1, 3
2017/12/2, 51, 11, 19, 1, 3
2017/12/3, 51, 15, 19, 1, 5
2017/12/4, 64, 15, 21, 1, 3
2017/12/5, 59, 32, 17, 1, 2
2017/12/6, 46, 28, 17, , 3
2017/12/7, 42, 19, 21, 1, 4
2017/12/8, 55, 15, 21, 1, 4
2017/12/9, 59, 12, 22, 1, 3
2017/12/10, 64, 20, 15, , 3
2017/12/11, 53, 16, 22, 1, 5
2017/12/12, 68, 13, 22, 1, 4
2017/12/13, 58, 25, 11, , 2
2017/12/14, 47, 23, 16, 1, 2
2017/12/15, 50, 13, 28, 1, 4
2017/12/16, 61, 21, 16, 1, 3
2017/12/17, 65, 27, 16, 1, 3
2017/12/18, 55, 10, 31, 1, 4
2017/12/19, 64, 20, 21, 1, 4
2017/12/20, 70, 24, 15, 1, 2
2017/12/21, 48, 20, 18, 1, 2
2017/12/22, 54, 19, 24, 1, 3
2017/12/23, 52, 13, 26, 1, 4
2017/12/24, 66, 25, 12, , 2
2017/12/25, 46, 25, 7, , 1
2017/12/26, 44, 27, 18, , 2
2017/12/27, 64, 23, 20, 1, 3
2017/12/28, 67, 24, 14, , 2
2017/12/29, 60, 19, 21, 1, 3
2017/12/30, 62, 17, 24, 1, 4
2017/12/31, 72, 22, 17, 1, 3
2018/1/1, 77, 27, 13, 1, 2
2017/7/2, 44, 35, 3, , 2
2017/7/3, 35, 35, 6, , 2
2017/7/4, 35, 24, 8, 4, 3
2017/7/5, 54, 25, 10, 1, 3
2017/7/6, 64, 28, 6, , 2
2017/7/7, 37, 22, 11, 1, 2
2017/7/8, 33, 40, 8, , 3
2017/7/9, 40, 24, 3, , 2
2017/7/10, 32, 41, 9, , 2
2017/7/11, 48, 32, 11, , 2
2017/7/12, 43, 35, 12, , 3
2017/7/13, 54, 24, 7, , 1
2017/7/14, 46, 16, 7, 1, 1
2017/7/15, 29, 25, 7, 1, 2
2017/7/16, 38, 30, 6, , 3
2017/7/17, 29, 40, 10, , 3
2017/7/18, 36, 36, 9, , 2
2017/7/19, 36, 45, 10, , 2
2017/7/20, 37, 50, 16, , 3
2017/7/21, 53, 41, 13, 1, 3
2017/7/22, 46, 32, 12, 1, 3
2017/7/23, 54, 19, 3, 1, 1
2017/7/24, 32, 20, 6, , 
2017/7/25, 20, 15, 9, , 1
2017/7/26, 32, 24, 9, , 2
2017/7/27, 41, 24, 10, , 2
2017/7/28, 32, 32, 10, , 3
2017/7/29, 34, 19, 7, 1, 1
2017/7/30, 34, 20, 6, , 2
2017/7/31, 30, 36, 11, 1, 2
2017/8/1, 39, 33, 11, 1, 2
2017/8/2, 52, 37, 14, 1, 3
2017/8/3, 52, 41, 13, , 3
2017/8/4, 41, 31, 9, 1, 2
2017/8/5, 29, 19, 5, , 2
2017/8/6, 11, 22, 4, , 2
2017/8/7, 24, 25, 12, 1, 3
2017/8/8, 42, 28, 10, , 1
2017/8/9, 28, 34, 13, , 2
2017/8/10, 50, 53, 14, 1, 3
2017/8/11, 54, 31, 12, 1, 3
2017/8/12, 41, 32, 8, , 2
2017/8/13, 33, 35, 6, , 2
2017/8/14, 28, 26, 16, 1, 3
2017/8/15, 43, 36, 14, , 3
2017/8/16, 46, 33, 12, , 2
2017/8/17, 47, 32, 15, , 2
2017/8/18, 40, 32, 11, , 3
2017/8/19, 38, 24, 13, 1, 3
2017/8/20, 43, 25, 6, , 3
2017/8/21, 39, 41, 11, , 3
2017/8/22, 61, 41, 10, , 3
2017/8/23, 63, 31, 10, , 2
2017/8/24, 40, 33, 14, 1, 3
2017/8/25, 45, 25, 13, , 2
2017/8/26, 45, 29, 10, , 3
2017/8/27, 43, 28, 9, , 2
2017/8/28, 49, 25, 11, 1, 2
2017/8/29, 50, 16, 9, 1, 1
2017/8/30, 39, 22, 9, 1, 2
2017/8/31, 37, 32, 14, 1, 3
2017/9/1, 53, 25, 8, , 1
2017/9/2, 38, 29, 7, 1, 2
2017/9/3, 39, 28, 5, , 1
2017/9/4, 37, 40, 4, 1, 2
2017/9/5, 41, 39, 10, 1, 2
2017/9/6, 54, , , , 
2017/9/10, 60, 17, 7, 1, 2
2017/9/11, 39, 23, 12, , 3
2017/9/12, 36, 31, 15, 1, 3
2017/9/13, 40, 38, 14, 1, 3
2017/9/14, 46, 30, 13, , 3
2017/9/15, 37, 26, 16, , 3
2017/9/16, 55, 19, 22, 1, 3
2017/9/17, 60, 29, 14, 1, 3
2017/9/18, 56, 27, 11, , 1
2017/9/19, 30, 21, 7, , 1
2017/9/20, 19, 16, 3, , 1
2017/9/21, 9, 23, 3, , 1
2017/9/22, 38, 19, 4, , 1
2017/9/23, 34, 19, 5, , 2
2017/9/24, 28, 29, 19, 1, 6
2017/9/25, 49, 24, 18, 1, 4
2017/9/26, 50, 25, 13, , 3
2017/9/27, 30, 16, 8, 1, 2
2017/9/28, 19, 28, 9, , 2
2017/9/29, 27, 26, 12, , 2
2017/9/30, 35, 17, 11, , 2
2017/10/1, 42, 26, 9, , 3
2017/4/2, 37, 34, 11, , 2
2017/4/3, 46, 28, 22, , 3
2017/4/4, 38, 29, 10, , 2
2017/4/5, 35, 29, 12, , 2
2017/4/6, 31, 27, 13, , 2
2017/4/7, 20, 27, 11, , 2
2017/4/8, 35, 26, 6, , 2
2017/4/9, 31, 36, 10, , 2
2017/4/10, 33, 46, 18, , 3
2017/4/11, 42, 49, 16, , 3
2017/4/12, 58, 27, 15, , 2
2017/4/13, 57, 30, 12, , 2
2017/4/14, 36, 33, 19, , 2
2017/4/15, 34, 45, 11, , 2
2017/4/16, 41, 44, 5, , 2
2017/4/17, 47, 34, 8, , 2
2017/4/18, 33, 27, 6, , 1
2017/4/19, 24, 30, 12, , 2
2017/4/20, 37, 30, 12, , 2
2017/4/21, 40, 29, 8, , 1
2017/4/22, 29, 27, 9, , 1
2017/4/23, 34, 22, 7, , 2
2017/4/24, 29, 29, 14, , 3
2017/4/25, 30, 22, 10, , 1
2017/4/26, 26, 24, 19, , 2
2017/4/27, 35, 19, 15, , 2
2017/4/28, 37, 34, 14, , 3
2017/4/29, 45, 40, 10, 1, 3
2017/4/30, 52, 30, 4, , 1
2017/5/1, 21, 22, 10, , 1
2017/5/2, 27, 31, 18, , 3
2017/5/3, 43, 27, 11, , 1
2017/5/4, 28, 32, 12, , 2
2017/5/5, 38, 25, 12, , 1
2017/5/6, 35, 34, 11, , 2
2017/5/7, 30, 33, 4, , 1
2017/5/8, 31, 22, 9, , 2
2017/5/9, 29, 22, 15, , 2
2017/5/10, 31, 20, 13, , 2
2017/5/11, 31, 23, 7, , 1
2017/5/12, 25, 20, 9, , 1
2017/5/13, 26, 23, 9, 1, 1
2017/5/14, 31, 27, 5, , 1
2017/5/15, 39, 28, 13, , 2
2017/5/16, 33, 31, 13, , 2
2017/5/17, 37, 70, 17, , 3
2017/5/18, 46, 74, 16, , 3
2017/5/19, 59, 42, 12, , 2
2017/5/20, 49, 29, 4, 1, 1
2017/5/21, 29, 28, 5, 1, 1
2017/5/22, 34, 23, 12, , 2
2017/5/23, 33, 27, 14, , 2
2017/5/24, 36, 28, 14, , 2
2017/5/25, 40, 24, 13, , 1
2017/5/26, 23, 22, 9, , 1
2017/5/27, 29, 25, 6, , 1
2017/5/28, 25, 28, 7, 1, 2
2017/5/29, 40, 23, 5, , 
2017/5/30, 29, 23, 11, , 1
2017/5/31, 35, 33, 11, , 2
2017/6/1, 35, 39, 16, , 2
2017/6/2, 33, 31, 12, , 2
2017/6/3, 36, 21, 9, , 2
2017/6/4, 36, 26, 6, , 2
2017/6/5, 32, 27, 9, , 1
2017/6/6, 21, 23, 6, , 1
2017/6/7, 22, 24, 12, , 1
2017/6/8, 33, 32, 15, , 3
2017/6/9, 48, 33, 15, , 2
2017/6/10, 31, 60, 11, , 3
2017/6/11, 57, 69, 7, , 3
2017/6/12, 60, 61, 17, , 3
2017/6/13, 64, 51, 15, , 3
2017/6/14, 63, 28, 8, , 1
2017/6/15, 39, 27, 10, , 2
2017/6/16, 41, 23, 8, , 1
2017/6/17, 33, 16, 15, 1, 2
2017/6/18, 35, 21, 3, 1, 2
2017/6/19, 19, 22, 5, , 1
2017/6/20, 40, 44, 9, , 2
2017/6/21, 18, 42, 14, 1, 2
2017/6/22, 37, 36, 11, , 2
2017/6/23, 35, 41, 13, , 2
2017/6/24, 47, 30, 6, , 2
2017/6/25, 42, 36, 6, , 2
2017/6/26, 32, 33, 11, , 2
2017/6/27, 39, 39, 15, , 2
2017/6/28, 50, 24, 7, , 2
2017/6/29, 40, 37, 8, , 2
2017/6/30, 50, 41, 10, , 2
2017/7/1, 54, 26, 3, , 2
2017/1/3, 54, 23, 11, , 2
2017/1/4, 26, 21, 15, , 3
2017/1/5, 28, 21, 17, , 3
2017/1/6, 48, 18, 20, , 3
2017/1/7, 61, 23, 19, , 2
2017/1/8, 52, 27, 14, , 2
2017/1/9, 51, 19, 26, , 3
2017/1/10, 65, 23, 30, 1, 5
2017/1/11, 64, 29, 19, , 3
2017/1/12, 45, 24, 16, , 2
2017/1/13, 50, 29, 13, , 2
2017/1/14, 34, 25, 17, , 2
2017/1/15, 40, 28, 15, , 2
2017/1/16, 56, 25, 26, 1, 4
2017/1/17, 58, 17, 22, , 4
2017/1/18, 56, 15, 17, , 2
2017/1/19, 39, 20, 21, , 3
2017/1/20, 58, 13, 26, , 4
2017/1/21, 47, 12, 17, , 4
2017/1/22, 62, 23, 13, , 4
2017/1/23, 47, 29, 7, , 1
2017/1/24, 26, 30, 9, , 1
2017/1/25, 30, 25, 16, , 2
2017/1/26, 32, 21, 18, , 3
2017/1/27, 48, 21, 12, , 2
2017/1/28, 29, 20, 12, , 2
2017/1/29, 36, 24, 14, , 2
2017/1/30, 49, 25, 20, , 3
2017/1/31, 46, 23, 20, , 2
2017/2/1, 48, 21, 27, , 4
2017/2/2, 67, 24, 19, , 3
2017/2/3, 44, 26, 20, , 3
2017/2/4, 58, 28, 15, , 3
2017/2/5, 51, 29, 15, , 3
2017/2/6, 56, 28, 15, , 2
2017/2/7, 44, 23, 14, , 2
2017/2/8, 32, 18, 23, , 4
2017/2/9, 58, 26, 14, , 2
2017/2/10, 41, 27, 20, , 2
2017/2/11, 46, 14, 26, , 4
2017/2/12, 76, 23, 18, , 2
2017/2/13, 48, 27, 13, , 2
2017/2/14, 43, 23, 25, , 4
2017/2/15, 53, 19, 31, 1, 5
2017/2/16, 61, 20, 15, , 3
2017/2/17, 49, 27, 19, , 2
2017/2/18, 46, 31, 22, , 3
2017/2/19, 56, 34, 18, , 3
2017/2/20, 57, 32, 15, , 2
2017/2/21, 40, 31, 24, , 3
2017/2/22, 44, 29, 26, , 4
2017/2/23, 61, 34, 23, , 4
2017/2/24, 66, 32, 15, , 2
2017/2/25, 46, 31, 9, , 2
2017/2/26, 29, 29, 5, , 2
2017/2/27, 30, 28, 17, , 2
2017/2/28, 49, 26, 22, , 3
2017/3/1, 60, 26, 13, , 2
2017/3/2, 43, 32, 10, , 2
2017/3/3, 46, 29, 15, , 2
2017/3/4, 36, 29, 8, , 2
2017/3/5, 51, 31, 9, , 2
2017/3/6, 49, 23, 23, , 3
2017/3/7, 48, 33, 24, , 3
2017/3/8, 49, 32, 14, , 2
2017/3/9, 41, 32, 17, , 2
2017/3/10, 43, 26, 18, , 2
2017/3/11, 42, 28, 8, , 2
2017/3/12, 48, 20, 6, , 2
2017/3/13, 58, 22, 15, , 2
2017/3/14, 52, 23, 14, , 2
2017/3/15, 43, 25, 11, , 2
2017/3/16, 40, 32, 14, , 2
2017/3/17, 38, 33, 22, , 3
2017/3/18, 44, 31, 11, , 2
2017/3/19, 30, 28, 8, , 2
2017/3/20, 31, 34, 21, , 2
2017/3/21, 43, 36, 23, , 3
2017/3/22, 46, 30, 13, , 2
2017/3/23, 40, 31, 16, , 2
2017/3/24, 42, 28, 27, , 3
2017/3/25, 52, 19, 19, , 2
2017/3/26, 63, 33, 8, , 1
2017/3/27, 41, 26, 20, , 2
2017/3/28, 48, 25, 13, , 1
2017/3/29, 32, 28, 13, , 2
2017/3/30, 35, 33, 13, , 2
2017/3/31, 31, 28, 15, , 2
2017/4/1, 39, 32, 7, , 1
2016/10/2, 15, 20, 9, , 1
2016/10/3, 23, 15, 11, , 2
2016/10/4, 30, 17, 8, , 1
2016/10/5, 27, 23, 14, , 2
2016/10/6, 32, 17, 26, 1, 5
2016/10/7, 49, 24, 28, , 5
2016/10/8, 49, 21, 19, , 4
2016/10/9, 43, 19, 10, 1, 1
2016/10/10, 18, 19, 10, , 2
2016/10/11, 33, 19, 21, , 3
2016/10/12, 38, 21, 20, , 4
2016/10/13, 38, 24, 19, , 3
2016/10/14, 39, 20, 14, , 2
2016/10/15, 36, 21, 14, , 3
2016/10/16, 38, 34, 12, , 3
2016/10/17, 39, 22, 21, , 4
2016/10/18, 41, 37, 18, , 3
2016/10/19, 60, 23, 18, , 3
2016/10/20, 43, 17, 11, , 1
2016/10/21, 35, 18, 15, , 2
2016/10/22, 27, 13, 9, , 2
2016/10/23, 16, 23, 3, , 1
2016/10/24, 19, 21, 12, , 2
2016/10/25, 35, 20, 13, , 2
2016/10/26, 35, 19, 14, , 2
2016/10/27, 44, 24, 19, , 3
2016/10/28, 39, 19, 11, , 2
2016/10/29, 32, 15, 14, , 3
2016/10/30, 35, 18, 10, , 3
2016/10/31, 44, 16, 10, , 2
2016/11/1, 34, 14, 20, , 3
2016/11/2, 46, 17, 25, , 5
2016/11/3, 50, 16, 20, , 4
2016/11/4, 58, 15, 13, , 2
2016/11/5, 40, 14, 15, , 4
2016/11/6, 42, 14, 12, , 2
2016/11/7, 38, 13, 16, 2, 3
2016/11/8, 38, 7, 32, 2, 8
2016/11/9, 61, 19, 33, 1, 5
2016/11/10, 61, 18, 28, , 3
2016/11/11, 41, 24, 24, , 2
2016/11/12, 49, 25, 23, , 2
2016/11/13, 33, 27, 26, , 3
2016/11/14, 36, 22, 44, 1, 5
2016/11/15, 53, 24, 29, , 5
2016/11/16, 52, 16, 23, , 3
2016/11/17, 36, 20, 16, , 3
2016/11/18, 46, 19, 23, , 4
2016/11/19, 53, 16, 11, , 2
2016/11/20, 35, 23, 5, , 2
2016/11/21, 24, 23, 13, , 2
2016/11/22, 33, 24, 13, , 2
2016/11/23, 39, 22, 13, , 2
2016/11/24, 42, 10, 20, , 3
2016/11/25, 50, 7, 19, , 4
2016/11/26, 60, 8, 12, , 5
2016/11/27, 59, 23, 7, , 2
2016/11/28, 39, 15, 23, 1, 5
2016/11/29, 49, 25, 25, 2, 5
2016/11/30, 50, 23, 17, , 3
2016/12/1, 34, 17, 14, , 2
2016/12/2, 31, 8, 15, , 3
2016/12/3, 34, 18, 8, , 2
2016/12/4, 28, 28, 13, , 2
2016/12/5, 38, 8, 35, 1, 5
2016/12/6, 54, 15, 22, , 4
2016/12/7, 47, 19, 23, , 4
2016/12/8, 58, 16, 19, , 4
2016/12/9, 63, 23, 13, , 2
2016/12/10, 39, 23, 13, , 2
2016/12/11, 49, 21, 23, , 4
2016/12/12, 58, 12, 23, , 4
2016/12/13, 49, 16, 19, , 3
2016/12/14, 48, 18, 23, , 3
2016/12/15, 68, 25, 15, , 2
2016/12/16, 45, 23, 20, , 3
2016/12/17, 55, 4, 28, , 5
2016/12/18, 68, 25, 9, , 2
2016/12/19, 52, 24, 20, , 2
2016/12/20, 46, 22, 28, 1, 4
2016/12/21, 59, 16, 27, , 4
2016/12/22, 65, 8, 30, 1, 6
2016/12/23, 80, 19, 20, , 3
2016/12/24, 52, 15, 17, , 3
2016/12/25, 58, 26, 13, , 2
2016/12/26, 40, 28, 16, , 2
2016/12/27, 44, 26, 10, , 2
2016/12/28, 42, 16, 17, , 3
2016/12/29, 43, 14, 22, 1, 6
2016/12/30, 48, 22, 10, , 2
2016/12/31, 39, 26, 11, , 2
2017/1/1, 48, 22, 12, , 2
2017/1/2, 47, 20, 26, 1, 7
2016/7/2, 38, 27, 7, , 2
2016/7/3, 27, 33, 6, , 2
2016/7/4, 35, 42, 6, , 2
2016/7/5, 49, 29, 14, , 2
2016/7/6, 36, 50, 17, , 3
2016/7/7, 57, 38, 10, , 2
2016/7/8, 52, 24, 6, , 1
2016/7/9, 36, 19, 3, , 1
2016/7/10, 22, 20, 6, , 1
2016/7/11, 20, 20, 12, , 2
2016/7/12, 40, 40, 14, , 2
2016/7/13, 44, 42, 12, , 2
2016/7/14, 44, 27, 8, , 2
2016/7/15, 28, 41, 11, , 3
2016/7/16, 43, 37, 11, , 2
2016/7/17, 31, 29, 14, , 3
2016/7/18, 51, 48, 20, , 3
2016/7/19, 56, 27, 12, , 2
2016/7/20, 41, 24, 13, , 2
2016/7/21, 47, 59, 17, , 3
2016/7/22, 52, 64, 13, , 3
2016/7/23, 57, 32, 9, , 2
2016/7/24, 46, 26, 10, , 2
2016/7/25, 24, 44, 19, 1, 4
2016/7/26, 51, 25, 12, , 2
2016/7/27, 32, 35, 12, , 2
2016/7/28, 35, 44, 17, , 3
2016/7/29, 42, 26, 14, , 2
2016/7/30, 48, 22, 9, , 2
2016/7/31, 37, 21, 6, , 2
2016/8/1, 39, 17, 6, , 1
2016/8/2, 29, 14, 9, , 2
2016/8/3, 35, 18, 6, , 2
2016/8/4, 38, 32, 12, , 2
2016/8/5, 35, 38, 12, , 2
2016/8/6, 35, 29, 10, , 3
2016/8/7, 36, 17, 13, , 2
2016/8/8, 45, 25, 12, , 2
2016/8/9, 27, 26, 11, , 2
2016/8/10, 35, 32, 12, , 2
2016/8/11, 34, 37, 13, , 3
2016/8/12, 41, 33, 12, , 2
2016/8/13, 19, 19, 6, , 1
2016/8/14, 40, 29, 7, , 2
2016/8/15, 27, 24, 11, , 2
2016/8/16, 28, 25, 15, , 2
2016/8/17, 37, 23, 10, , 2
2016/8/18, 29, 29, 17, , 3
2016/8/19, 33, 20, 14, , 8
2016/8/20, 37, 28, 8, , 2
2016/8/21, 33, 22, 5, , 2
2016/8/22, 27, 21, 9, , 2
2016/8/23, 29, 26, 14, , 2
2016/8/24, 34, 40, 17, , 3
2016/8/25, 40, 46, 15, , 2
2016/8/26, 43, 30, 10, , 2
2016/8/27, 40, 27, 11, , 2
2016/8/28, 37, 24, 6, , 2
2016/8/29, 27, 27, 11, , 2
2016/8/30, 29, 28, 14, , 2
2016/8/31, 36, 37, 14, , 3
2016/9/1, 37, 25, 18, , 3
2016/9/2, 32, 15, 9, , 2
2016/9/3, 32, 17, 10, , 2
2016/9/4, 32, 18, 6, , 1
2016/9/5, 25, 23, 3, , 1
2016/9/6, 25, 16, 10, , 1
2016/9/7, 24, 21, 13, , 1
2016/9/8, 29, 29, 12, , 2
2016/9/9, 22, 24, 16, , 3
2016/9/10, 33, 26, 12, , 2
2016/9/11, 40, 25, 5, , 1
2016/9/12, 31, 22, 14, , 2
2016/9/13, 28, 33, 13, , 2
2016/9/14, 25, 35, 14, , 2
2016/9/15, 34, 19, 9, , 1
2016/9/16, 18, 24, 13, , 3
2016/9/17, 31, 29, 10, , 3
2016/9/18, 27, 26, 5, , 2
2016/9/19, 20, 13, 13, , 3
2016/9/20, 13, 17, 16, , 3
2016/9/21, 24, 29, 19, , 3
2016/9/22, 38, 25, 20, , 3
2016/9/23, 28, 26, 19, , 3
2016/9/24, 28, 20, 6, , 1
2016/9/25, 39, 25, 7, , 2
2016/9/26, 32, 21, 15, , 2
2016/9/27, 25, 21, 20, , 3
2016/9/28, 27, 21, 9, , 1
2016/9/29, 25, 18, 8, , 1
2016/9/30, 25, 21, 7, , 1
2016/10/1, 23, 23, 8, , 1
2016/4/2, 29, 26, 13, 1, 3
2016/4/3, 29, 25, 10, , 2
2016/4/4, 27, 22, 18, 3, 2
2016/4/5, 34, 30, 14, , 2
2016/4/6, 47, 30, 23, 2, 4
2016/4/7, 47, 38, 11, , 2
2016/4/8, 29, 26, 13, 1, 3
2016/4/9, 37, 29, 13, , 2
2016/4/10, 37, 31, 9, , 2
2016/4/11, 31, 36, 13, , 3
2016/4/12, 40, 38, 14, , 3
2016/4/13, 43, 27, 12, , 2
2016/4/14, 27, 26, 17, , 2
2016/4/15, 33, 31, 18, , 2
2016/4/16, 36, 32, 8, , 1
2016/4/17, 26, 31, 10, , 2
2016/4/18, 38, 32, 16, 1, 2
2016/4/19, 36, 28, 14, , 2
2016/4/20, 45, 32, 8, , 2
2016/4/21, 25, 40, 16, , 2
2016/4/22, 42, 41, 26, , 3
2016/4/23, 65, 31, 13, , 2
2016/4/24, 50, 32, 10, , 1
2016/4/25, 27, 26, 25, , 3
2016/4/26, 39, 28, 13, , 2
2016/4/27, 34, 32, 22, , 3
2016/4/28, 47, 32, 15, , 2
2016/4/29, 27, 27, 8, , 2
2016/4/30, 25, 31, 10, , 2
2016/5/1, 26, 26, 12, , 2
2016/5/2, 29, 22, 15, , 2
2016/5/3, 30, 22, 16, , 2
2016/5/4, 21, 21, 10, , 1
2016/5/5, 21, 19, 9, , 1
2016/5/6, 14, 20, 7, , 1
2016/5/7, 20, 15, 8, , 1
2016/5/8, 16, 27, 9, , 2
2016/5/9, 30, 31, 14, 1, 2
2016/5/10, 28, 31, 19, , 2
2016/5/11, 38, 35, 24, 1, 3
2016/5/12, 44, 60, 16, , 2
2016/5/13, 34, 33, , , 
2016/5/14, 43, 40, , , 
2016/5/15, 26, 26, 5, , 1
2016/5/16, 23, 29, 13, , 2
2016/5/17, 36, 32, 18, , 2
2016/5/18, 33, 26, 12, , 2
2016/5/19, 34, 27, 18, 1, 3
2016/5/20, 34, 36, 17, 1, 2
2016/5/21, 40, 28, 19, , 3
2016/5/22, 45, 41, 7, , 1
2016/5/23, 19, 34, 20, 1, 3
2016/5/24, 36, 25, 9, , 1
2016/5/25, 24, 46, 15, , 3
2016/5/26, 36, 40, 27, 1, 3
2016/5/27, 58, 40, 21, 1, 4
2016/5/28, 75, 48, 9, , 3
2016/5/29, 63, 36, 5, , 2
2016/5/30, 62, 24, 6, , 2
2016/5/31, 27, 35, 15, , 2
2016/6/1, 32, 26, 8, 1, 1
2016/6/2, 30, 16, 5, , 1
2016/6/3, 33, 20, 9, , 2
2016/6/4, 40, 30, 13, , 3
2016/6/5, 43, 35, 8, , 2
2016/6/6, 37, 40, 13, , 2
2016/6/7, 34, 42, 18, , 3
2016/6/8, 50, 21, 9, , 1
2016/6/9, 23, 21, 8, , 1
2016/6/10, 21, 23, 11, , 1
2016/6/11, 33, 32, 12, , 3
2016/6/12, 43, 30, 6, , 2
2016/6/13, 41, 21, 7, , 1
2016/6/14, 23, 25, 14, , 2
2016/6/15, 26, 23, 16, , 2
2016/6/16, 39, 32, 23, 1, 3
2016/6/17, 48, 30, 9, 1, 1
2016/6/18, 39, 29, 8, , 2
2016/6/19, 39, 36, 7, , 2
2016/6/20, 43, 36, 12, , 2
2016/6/21, 38, 35, 14, , 2
2016/6/22, 39, 30, 18, , 2
2016/6/23, 44, 37, 15, , 2
2016/6/24, 45, 22, 13, , 2
2016/6/25, 41, 26, 12, , 3
2016/6/26, 41, 43, 9, , 3
2016/6/27, 48, 37, 9, , 2
2016/6/28, 39, 31, 11, , 2
2016/6/29, 25, 38, 12, , 2
2016/6/30, 30, 35, 12, , 2
2016/7/1, 37, 42, 13, , 3
2016/1/5, 42, 18, 20, 1, 3
2016/1/6, 42, 15, 29, 1, 5
2016/1/7, 47, 7, 35, 3, 8
2016/1/8, 63, 20, 24, 1, 3
2016/1/9, 54, 19, 18, , 3
2016/1/10, 53, 26, 11, , 3
2016/1/11, 27, 22, 12, , 2
2016/1/12, 25, 17, 21, 1, 3
2016/1/13, 39, 22, 14, , 3
2016/1/14, 34, 16, 21, , 3
2016/1/15, 45, 17, 20, 1, 4
2016/1/16, 57, 15, 18, , 4
2016/1/17, 43, 19, 14, , 2
2016/1/18, 37, 24, 15, 1, 2
2016/1/19, 36, 24, 13, , 2
2016/1/20, 37, 23, 15, , 2
2016/1/21, 37, 25, 17, , 3
2016/1/22, 36, 24, 19, , 2
2016/1/23, 41, 24, 13, 1, 2
2016/1/24, 32, 26, 17, 1, 3
2016/1/25, 45, 19, 26, 1, 4
2016/1/26, 48, 27, 24, 1, 4
2016/1/27, 55, 16, 17, , 3
2016/1/28, 41, 18, 25, 1, 4
2016/1/29, 38, 9, 26, 2, 5
2016/1/30, 61, 20, 11, , 3
2016/1/31, 36, 24, 11, , 3
2016/2/1, 44, 27, 16, , 3
2016/2/2, 49, 25, 22, 1, 3
2016/2/3, 32, 32, 18, , 3
2016/2/4, 36, 29, 14, , 3
2016/2/5, 27, 20, 15, , 2
2016/2/6, 36, 22, 20, , 4
2016/2/7, 44, 26, 18, , 3
2016/2/8, 58, 28, 10, , 1
2016/2/9, 32, 19, 27, 3, 4
2016/2/10, 44, 13, 31, 1, 6
2016/2/11, 65, 22, 16, , 3
2016/2/12, 39, 23, 19, , 3
2016/2/13, 36, 25, 15, 1, 3
2016/2/14, 52, 19, 8, , 2
2016/2/15, 50, 14, 23, 1, 4
2016/2/16, 53, 31, 21, 1, 4
2016/2/17, 43, 20, 14, , 3
2016/2/18, 36, 23, 14, , 2
2016/2/19, 40, 21, 21, 1, 3
2016/2/20, 42, 31, 12, , 3
2016/2/21, 36, 24, 9, , 3
2016/2/22, 31, 21, 13, , 2
2016/2/23, 24, 24, 21, 1, 3
2016/2/24, 33, 24, 18, 1, 2
2016/2/25, 24, 24, 8, , 2
2016/2/26, 23, 26, 11, , 2
2016/2/27, 24, 27, 12, , 3
2016/2/28, 33, 30, 10, , 3
2016/2/29, 45, 29, 14, , 3
2016/3/1, 49, 29, 13, , 2
2016/3/2, 27, 30, 11, , 2
2016/3/3, 36, 23, 15, , 3
2016/3/4, 31, 24, 19, , 3
2016/3/5, 42, 27, 10, , 2
2016/3/6, 36, 30, 15, , 3
2016/3/7, 43, 23, 24, 1, 4
2016/3/8, 64, 22, 19, , 4
2016/3/9, 63, 37, 17, , 3
2016/3/10, 63, 31, 26, 1, 5
2016/3/11, 64, 22, 14, , 3
2016/3/12, 26, 28, 13, , 3
2016/3/13, 30, 32, 11, , 2
2016/3/14, 35, 29, 7, , 1
2016/3/15, 30, 27, 10, , 2
2016/3/16, 22, 24, 12, , 2
2016/3/17, 20, 29, 13, , 3
2016/3/18, 25, 21, 13, , 3
2016/3/19, 25, 30, 11, , 3
2016/3/20, 49, 30, 6, , 2
2016/3/21, 30, 27, 16, , 3
2016/3/22, 41, 32, 15, , 3
2016/3/23, 38, 32, 16, , 3
2016/3/24, 47, 28, 11, , 1
2016/3/25, 34, 22, 22, 1, 3
2016/3/26, 44, 27, 10, , 2
2016/3/27, 24, 29, 9, , 2
2016/3/28, 32, 22, 16, , 2
2016/3/29, 24, 31, 8, , 2
2016/3/30, 27, 36, 17, 1, 3
2016/3/31, 38, 39, 10, , 2
2016/4/1, 35, 31, 8, , 2
2015/10/2, 27, 16, 7, , 1
2015/10/3, 35, 17, 3, , 1
2015/10/4, 27, 23, 3, , 1
2015/10/5, 40, 14, 12, , 2
2015/10/6, 31, 18, 18, 2, 3
2015/10/7, 44, 21, 20, 1, 3
2015/10/8, 46, 21, 12, , 2
2015/10/9, 31, 28, 13, , 2
2015/10/10, 33, 20, 9, , 2
2015/10/11, 32, 12, 10, , 2
2015/10/12, 40, 34, 15, , 3
2015/10/13, 50, 23, 21, 1, 4
2015/10/14, 52, 14, 11, , 2
2015/10/15, 31, 18, 16, , 3
2015/10/16, 34, 21, 17, , 3
2015/10/17, 39, 16, 11, , 2
2015/10/18, 38, 21, 7, , 2
2015/10/19, 35, 19, 15, , 2
2015/10/20, 43, 21, 22, 1, 3
2015/10/21, 50, 11, 25, 1, 4
2015/10/22, 52, 35, 21, , 3
2015/10/23, 61, 20, 12, , 2
2015/10/24, 42, 7, 16, , 2
2015/10/25, 37, 17, 9, , 2
2015/10/26, 25, 12, 14, 1, 3
2015/10/27, 32, 13, 22, 1, 5
2015/10/28, 47, 28, 15, 2, 3
2015/10/29, 41, 24, 9, , 2
2015/10/30, 23, 19, 13, , 2
2015/10/31, 33, 18, 14, , 3
2015/11/1, 34, 22, 12, , 3
2015/11/2, 42, 17, 21, 2, 4
2015/11/3, 45, 17, 26, 1, 5
2015/11/4, 49, 21, 21, 1, 3
2015/11/5, 48, 27, 15, , 3
2015/11/6, 41, 18, 10, , 3
2015/11/7, 35, 23, 8, , 1
2015/11/8, 33, 22, 9, , 2
2015/11/9, 27, 14, 20, 1, 4
2015/11/10, 44, 12, 25, 2, 5
2015/11/11, 51, 20, 8, , 2
2015/11/12, 41, 17, 13, , 3
2015/11/13, 41, 18, 9, , 2
2015/11/14, 24, 18, 8, , 2
2015/11/15, 37, 19, 13, 2, 3
2015/11/16, 33, 20, 18, 1, 3
2015/11/17, 37, 13, 16, 3, 3
2015/11/18, 27, 11, 22, 2, 6
2015/11/19, 39, 23, 15, , 2
2015/11/20, 18, 23, 14, , 3
2015/11/21, 33, 20, 15, 1, 2
2015/11/22, 34, 12, 22, 2, 6
2015/11/23, 59, 20, 14, , 2
2015/11/24, 28, 17, 25, 1, 4
2015/11/25, 42, 15, 29, 3, 6
2015/11/26, 55, 26, 14, , 3
2015/11/27, 31, 27, 10, , 2
2015/11/28, 22, 18, 12, , 2
2015/11/29, 23, 19, 11, 1, 2
2015/11/30, 39, 17, 16, 1, 2
2015/12/1, 29, 15, 26, 3, 4
2015/12/2, 31, 3, 20, 2, 6
2015/12/3, 54, 13, 16, 1, 4
2015/12/4, 26, 12, 15, 1, 3
2015/12/5, 32, 14, 18, 1, 5
2015/12/6, 46, 18, 17, 1, 5
2015/12/7, 56, 16, 24, 2, 5
2015/12/8, 69, 15, 13, , 2
2015/12/9, 33, 19, 17, 1, 4
2015/12/10, 44, 18, 23, 1, 4
2015/12/11, 49, 17, 22, 1, 5
2015/12/12, 65, 13, 19, 2, 6
2015/12/13, 45, 15, 12, 2, 3
2015/12/14, 29, 13, 17, 2, 4
2015/12/15, 40, 14, 11, 1, 3
2015/12/16, 23, 19, 12, , 2
2015/12/17, 26, 17, 18, 3, 3
2015/12/18, 25, 16, 16, 1, 4
2015/12/19, 29, 20, 10, , 2
2015/12/20, 27, 21, 13, , 3
2015/12/21, 31, 22, 18, , 3
2015/12/22, 42, 14, 18, 1, 4
2015/12/23, 32, 13, 20, 1, 4
2015/12/24, 37, 12, 15, , 4
2015/12/25, 23, 16, 15, , 4
2015/12/26, 26, 22, 9, , 1
2015/12/27, 28, 18, 11, , 3
2015/12/28, 29, 24, 11, , 2
2015/12/29, 23, 23, 12, , 2
2015/12/30, 27, 16, 27, 2, 4
2015/12/31, 56, 12, 23, 1, 6
2016/1/1, 57, , , , 
2016/1/4, 53, 17, 18, , 3
2015/7/2, 51, 30, 17, , 3
2015/7/3, 51, 26, 14, , 2
2015/7/4, 48, 25, 14, 2, 3
2015/7/5, 69, 30, 11, 1, 3
2015/7/6, 90, 39, 16, , 4
2015/7/7, 76, 27, 9, , 2
2015/7/8, 54, 28, 12, , 3
2015/7/9, 70, 23, 7, , 2
2015/7/10, 68, 30, 13, , 3
2015/7/11, 64, 31, 12, , 3
2015/7/12, 61, 32, 9, , 3
2015/7/13, 64, 27, 13, , 3
2015/7/14, 76, 27, 11, , 2
2015/7/15, 55, 33, 13, , 2
2015/7/16, 36, 21, 6, , 1
2015/7/17, 38, 37, 13, , 3
2015/7/18, 52, 28, 10, , 2
2015/7/19, 32, 35, 7, , 3
2015/7/20, 47, 31, 16, , 3
2015/7/21, 62, 29, 19, 1, 3
2015/7/22, 62, 21, 12, , 2
2015/7/23, 43, 21, 10, , 2
2015/7/24, 45, 22, 13, , 2
2015/7/25, 44, 16, 6, , 2
2015/7/26, 41, 34, 7, , 3
2015/7/27, 50, 37, 15, , 3
2015/7/28, 41, 46, 12, , 3
2015/7/29, 56, 36, 16, , 3
2015/7/30, 62, 37, 14, , 3
2015/7/31, 64, 25, 13, , 2
2015/8/1, 46, 31, 13, , 3
2015/8/2, 43, 28, 8, , 2
2015/8/3, 40, 40, 13, , 2
2015/8/4, 53, 39, 16, , 3
2015/8/5, 50, 26, 15, , 2
2015/8/6, 43, 16, 12, , 2
2015/8/7, 47, 18, 11, , 2
2015/8/8, 39, 17, 8, , 2
2015/8/9, 38, 7, 11, , 2
2015/8/10, 35, 26, 13, 55, 2
2015/8/11, 45, 18, 10, 1, 2
2015/8/12, 34, 24, 13, , 2
2015/8/13, 32, 22, 12, , 2
2015/8/14, 37, 33, 15, , 3
2015/8/15, 45, 36, 14, , 3
2015/8/16, 47, 38, 11, , 4
2015/8/17, 47, 35, 15, , 3
2015/8/18, 57, 44, 16, , 3
2015/8/19, 72, 29, 13, , 2
2015/8/20, 43, 21, 8, , 2
2015/8/21, 33, 20, 12, , 2
2015/8/22, 38, 22, 10, , 2
2015/8/23, 27, 13, 6, , 1
2015/8/24, 21, 11, 10, , 1
2015/8/25, 31, 27, 10, , 2
2015/8/26, 33, 31, 16, , 3
2015/8/27, 54, 24, 13, , 3
2015/8/28, 48, 18, 10, , 3
2015/8/29, 34, 25, 13, , 4
2015/8/30, 34, 39, 12, , 3
2015/8/31, 55, 34, 17, , 3
2015/9/1, 58, 24, 10, , 3
2015/9/2, 61, 35, 16, , 4
2015/9/3, 65, 30, 16, 2, 4
2015/9/4, 70, 20, 9, 1, 2
2015/9/5, 37, 19, 10, , 2
2015/9/6, 27, 37, 9, , 3
2015/9/7, 35, 58, 9, , 3
2015/9/8, 43, 48, 23, 6, 3
2015/9/9, 63, 29, 14, 1, 3
2015/9/10, 43, 20, 12, , 2
2015/9/11, 29, 22, 10, , 2
2015/9/12, 22, 26, 9, , 3
2015/9/13, 22, 23, 4, , 1
2015/9/14, 13, 15, 8, , 2
2015/9/15, 26, 27, 15, , 2
2015/9/16, 43, 32, 19, , 3
2015/9/17, 45, 39, 22, , 4
2015/9/18, 45, 72, 24, , 4
2015/9/19, 59, 31, 12, , 3
2015/9/20, 45, 22, 7, , 2
2015/9/21, 24, 19, 7, , 1
2015/9/22, 29, 15, 12, 1, 1
2015/9/23, 26, 21, 18, 2, 3
2015/9/24, 33, 21, 18, 1, 3
2015/9/25, 34, 19, 13, , 2
2015/9/26, 30, 20, 11, 1, 2
2015/9/27, 34, 25, 13, 1, 3
2015/9/28, 38, 25, 16, , 3
2015/9/29, 37, 21, 9, , 2
2015/9/30, 24, 20, 9, , 1
2015/10/1, 15, 15, 8, , 1
2015/4/2, 44, 37, 29, 1, 4
2015/4/3, 52, 34, 21, , 4
2015/4/4, 60, 27, 12, , 3
2015/4/5, 47, 32, 10, , 2
2015/4/6, 35, 28, 16, , 3
2015/4/7, 39, 23, 16, , 2
2015/4/8, 48, 28, 11, , 2
2015/4/9, 42, 30, 11, , 2
2015/4/10, 32, 25, 18, , 3
2015/4/11, 38, 31, 10, , 2
2015/4/12, 38, 33, 12, , 3
2015/4/13, 38, 39, 23, 1, 3
2015/4/14, 46, 36, 18, , 3
2015/4/15, 37, 32, 21, , 2
2015/4/16, 33, 33, 19, 1, 3
2015/4/17, 36, 27, 19, , 3
2015/4/18, 38, 31, 13, , 2
2015/4/19, 46, 29, 7, , 2
2015/4/20, 34, 28, 11, , 1
2015/4/21, 36, 26, 15, 1, 3
2015/4/22, 34, 38, 19, 1, 3
2015/4/23, 44, 28, 12, , 2
2015/4/24, 28, 20, 10, , 2
2015/4/25, 38, 24, 9, , 2
2015/4/26, 34, 22, 11, , 2
2015/4/27, 33, 26, 13, , 2
2015/4/28, 32, 29, 9, , 2
2015/4/29, 23, 27, 13, , 2
2015/4/30, 24, 25, 10, , 2
2015/5/1, 19, 25, 8, 1, 1
2015/5/2, 25, 26, 9, , 3
2015/5/3, 33, 33, 7, , 2
2015/5/4, 45, 46, 8, , 2
2015/5/5, 54, 41, 14, , 2
2015/5/6, 62, 34, 15, , 2
2015/5/7, 35, 39, 15, , 4
2015/5/8, 35, 35, 13, 1, 2
2015/5/9, 52, 25, 9, 1, 3
2015/5/10, 43, 34, 6, , 4
2015/5/11, 33, 17, 9, , 2
2015/5/12, 55, 31, 11, , 2
2015/5/13, 56, 31, 10, , 2
2015/5/14, 39, 33, 17, , 3
2015/5/15, 47, 33, 23, , 3
2015/5/16, 56, 36, 14, , 3
2015/5/17, 52, 34, 8, , 2
2015/5/18, 63, 30, 6, , 1
2015/5/19, 43, 22, 14, , 3
2015/5/20, 45, 19, 11, , 2
2015/5/21, 46, 32, 17, , 2
2015/5/22, 45, 35, 16, , 2
2015/5/23, 51, 27, 9, , 2
2015/5/24, 39, 50, 8, , 2
2015/5/25, 48, , , , 
2015/5/27, 60, 32, 11, , 2
2015/5/28, 51, 34, 12, , 2
2015/5/29, 56, 19, 13, 1, 2
2015/5/30, 34, 27, 11, 1, 3
2015/5/31, 43, 25, 4, , 1
2015/6/1, 35, 20, 6, , 1
2015/6/2, 31, 23, 8, , 1
2015/6/3, 25, 19, 10, , 2
2015/6/4, 34, 22, 12, , 2
2015/6/5, 36, 25, 15, , 2
2015/6/6, 43, 21, 13, , 2
2015/6/7, 39, 25, 11, , 2
2015/6/8, 44, 32, 10, , 2
2015/6/9, 40, 31, 10, , 2
2015/6/10, 52, 35, 15, , 2
2015/6/11, 49, 39, 17, , 3
2015/6/12, 77, 42, 20, 2, 3
2015/6/13, 61, 28, 9, 1, 2
2015/6/14, 52, 24, 12, , 2
2015/6/15, 50, 18, 9, , 1
2015/6/16, 38, 19, 14, , 2
2015/6/17, 55, 23, 11, , 2
2015/6/18, 41, 34, 16, , 3
2015/6/19, 50, 31, 13, 1, 2
2015/6/20, 44, 23, 8, 1, 2
2015/6/21, 45, 23, 10, , 2
2015/6/22, 39, 22, 17, , 2
2015/6/23, 54, 41, 16, , 3
2015/6/24, 66, 25, 13, , 2
2015/6/25, 46, 25, 17, , 3
2015/6/26, 52, 22, 13, , 1
2015/6/27, 50, 23, 12, , 3
2015/6/28, 50, 21, 5, , 1
2015/6/29, 32, 17, 14, , 3
2015/6/30, 37, 32, 13, , 3
2015/7/1, 39, 44, 13, , 3
2015/1/2, 56, 14, , , 
2015/1/3, 53, 19, , , 
2015/1/4, 31, 11, , , 
2015/1/5, 31, 18, , , 
2015/1/6, 30, 15, , , 
2015/1/7, 41, 17, , , 
2015/1/8, 62, 16, , , 
2015/1/9, 51, 13, , , 
2015/1/10, 54, 16, , , 
2015/1/11, 57, 18, , , 
2015/1/12, 60, 13, , , 
2015/1/13, 63, 17, , , 
2015/1/14, 49, 6, , , 
2015/1/15, 72, 10, 29, 1, 5
2015/1/16, 61, 20, 19, , 3
2015/1/17, 53, 20, 16, , 3
2015/1/18, 36, 25, 25, , 4
2015/1/19, 55, 15, , , 
2015/1/20, 27, 16, , , 
2015/1/21, 34, 13, , , 
2015/1/22, 38, 10, , , 
2015/1/23, 47, 18, , , 
2015/1/24, 54, 14, , , 
2015/1/25, 72, 20, , , 
2015/1/26, 42, 20, , , 
2015/1/27, 42, 21, 11, 3, 2
2015/1/28, 30, 19, 19, , 3
2015/1/29, 43, 12, 37, 3, 5
2015/1/30, 54, 18, 27, 1, 4
2015/1/31, 57, 23, 12, , 2
2015/2/1, 43, 20, 19, 2, 3
2015/2/2, 53, 18, 19, 2, 2
2015/2/3, 36, 18, 25, 2, 4
2015/2/4, 46, 18, 32, 4, 4
2015/2/5, 67, 21, 27, 1, 3
2015/2/6, 55, 18, 26, 1, 4
2015/2/7, 55, 17, 23, 1, 4
2015/2/8, 74, 17, 22, 2, 3
2015/2/9, 64, 18, 23, 1, 2
2015/2/10, 39, 21, 19, 1, 2
2015/2/11, 29, 19, 21, 6, 3
2015/2/12, 38, 9, 40, 5, 7
2015/2/13, 78, 20, 18, , 3
2015/2/14, 51, 20, 25, 2, 3
2015/2/15, 58, 24, 15, 1, 2
2015/2/16, 45, 24, 14, , 2
2015/2/17, 46, 15, 31, 6, 3
2015/2/18, 52, 18, 34, 2, 4
2015/2/19, 58, 24, 27, 2, 4
2015/2/20, 69, 22, 18, , 3
2015/2/21, 53, 23, 27, 1, 4
2015/2/22, 67, 17, 25, 2, 5
2015/2/23, 62, 23, 21, 1, 3
2015/2/24, 58, 20, 25, 1, 3
2015/2/25, 53, 23, 29, 2, 4
2015/2/26, 65, 18, 23, 8, 3
2015/2/27, 46, 13, 30, 1, 4
2015/2/28, 58, 25, 24, , 3
2015/3/1, 59, 24, 32, 2, 5
2015/3/2, 70, 26, 21, 2, 3
2015/3/3, 66, 23, 23, , 3
2015/3/4, 42, 24, 23, , 4
2015/3/5, 45, 22, 22, 1, 3
2015/3/6, 54, 24, 21, , 2
2015/3/7, 44, 29, 23, 2, 4
2015/3/8, 64, 30, 26, 2, 4
2015/3/9, 71, 31, 31, , 4
2015/3/10, 50, 32, 31, 2, 5
2015/3/11, 62, 30, 23, , 3
2015/3/12, 56, 28, 15, , 2
2015/3/13, 35, 26, 20, , 3
2015/3/14, 36, 21, 24, , 4
2015/3/15, 42, 26, 13, , 2
2015/3/16, 36, 27, 26, 1, 4
2015/3/17, 40, 27, 23, 1, 4
2015/3/18, 58, 30, 11, , 2
2015/3/19, 34, 29, 17, , 2
2015/3/20, 34, 22, 28, 2, 4
2015/3/21, 44, 23, 25, 1, 4
2015/3/22, 65, 27, 8, , 2
2015/3/23, 34, 23, 14, , 2
2015/3/24, 41, 19, 22, , 3
2015/3/25, 53, 28, 27, 2, 5
2015/3/26, 59, 25, 22, , 4
2015/3/27, 59, 20, 23, 2, 4
2015/3/28, 44, 24, 14, 1, 2
2015/3/29, 45, 31, 15, , 2
2015/3/30, 34, 27, 22, , 3
2015/3/31, 49, 27, 18, , 3
2015/4/1, 32, 33, 20, 1, 2
2014/10/2, 33, 10, , , 
2014/10/3, 36, 12, , , 
2014/10/4, 51, , , , 
2014/10/7, 51, 24, , , 
2014/10/8, 50, 24, , , 
2014/10/9, 43, 21, , , 
2014/10/10, 47, 15, , , 
2014/10/11, 41, , , , 
2014/10/15, 45, 18, , , 
2014/10/16, 39, 19, , , 
2014/10/17, 32, 22, , , 
2014/10/18, 50, , , , 
2014/10/21, 48, 20, , , 
2014/10/22, 47, 17, , , 
2014/10/23, 32, 17, , , 
2014/10/24, 20, 10, , , 
2014/10/25, 18, 17, , , 
2014/10/26, 38, 18, , , 
2014/10/27, 28, 8, , , 
2014/10/28, 41, 7, , , 
2014/10/29, 57, 20, , , 
2014/10/30, 75, 10, , , 
2014/10/31, 46, 14, , , 
2014/11/1, 40, 16, , , 
2014/11/2, 39, 20, , , 
2014/11/3, 51, 17, , , 
2014/11/4, 47, 16, , , 
2014/11/5, 55, 19, , , 
2014/11/6, 62, 6, , , 
2014/11/7, 66, 9, , , 
2014/11/8, 49, 18, , , 
2014/11/9, 44, 11, , , 
2014/11/10, 51, 12, , , 
2014/11/11, 57, 21, , , 
2014/11/12, 60, 8, , , 
2014/11/13, 59, 14, , , 
2014/11/14, 43, 13, , , 
2014/11/15, 55, 20, , , 
2014/11/16, 53, 19, , , 
2014/11/17, 55, 8, , , 
2014/11/18, 79, 15, , , 
2014/11/19, 45, 15, , , 
2014/11/20, 50, 18, , , 
2014/11/21, 62, 16, , , 
2014/11/22, 56, 20, , , 
2014/11/23, 58, 20, , , 
2014/11/24, 67, 20, , , 
2014/11/25, 47, 14, , , 
2014/11/26, 50, 11, , , 
2014/11/27, 47, 15, , , 
2014/11/28, 35, 14, , , 
2014/11/29, 51, 16, , , 
2014/11/30, 53, 26, , , 
2014/12/1, 59, 12, , , 
2014/12/2, 57, 21, , , 
2014/12/3, 44, 10, , , 
2014/12/4, 46, 15, , , 
2014/12/5, 43, 15, , , 
2014/12/6, 42, , , , 
2014/12/8, 40, 16, , , 
2014/12/9, 52, 21, , , 
2014/12/10, 30, 15, , , 
2014/12/11, 36, 10, , , 
2014/12/12, 35, 8, , , 
2014/12/13, 45, 13, , , 
2014/12/14, 48, 15, , , 
2014/12/15, 38, 6, , , 
2014/12/16, 46, 6, , , 
2014/12/17, 52, 5, , , 
2014/12/18, 43, 6, , , 
2014/12/19, 30, 10, , , 
2014/12/20, 31, 18, , , 
2014/12/21, 43, 18, , , 
2014/12/22, 40, 14, , , 
2014/12/23, 40, 16, , , 
2014/12/24, 20, 8, , , 
2014/12/25, 31, 18, , , 
2014/12/26, 21, 16, , , 
2014/12/27, 36, 13, , , 
2014/12/28, 53, 13, , , 
2014/12/29, 51, , , , 
2014/7/2, 47, 32, , , 
2014/7/3, 50, 36, , , 
2014/7/4, 57, 30, , , 
2014/7/5, 35, 18, , , 
2014/7/6, 24, 36, , , 
2014/7/7, 39, 40, , , 
2014/7/8, 60, 37, , , 
2014/7/9, 63, 38, , , 
2014/7/10, 46, 29, , , 
2014/7/11, 40, 20, , , 
2014/7/12, 45, 39, , , 
2014/7/13, 49, 34, , , 
2014/7/14, 38, 28, , , 
2014/7/15, 49, 23, , , 
2014/7/16, 41, 33, , , 
2014/7/17, 42, 25, , , 
2014/7/18, 40, 24, , , 
2014/7/19, 53, 24, , , 
2014/7/20, 59, 34, , , 
2014/7/21, 39, 18, , , 
2014/7/22, 43, 63, , , 
2014/7/23, 54, 36, , , 
2014/7/24, 51, 17, , , 
2014/7/25, 38, 22, , , 
2014/7/26, 60, 44, , , 
2014/7/27, 50, 30, , , 
2014/7/28, 47, 35, , , 
2014/7/29, 46, 16, , , 
2014/7/30, 33, 22, , , 
2014/7/31, 36, 40, , , 
2014/8/1, 47, 35, , , 
2014/8/2, 59, 34, , , 
2014/8/3, 43, 33, , , 
2014/8/4, 39, 31, , , 
2014/8/5, 51, 36, , , 
2014/8/6, 56, 22, , , 
2014/8/7, 54, 20, , , 
2014/8/8, 55, 19, , , 
2014/8/9, 42, 24, , , 
2014/8/10, 47, 28, , , 
2014/8/11, 54, 29, , , 
2014/8/12, 52, 19, , , 
2014/8/13, 35, 16, , , 
2014/8/14, 50, 16, , , 
2014/8/15, 34, 21, , , 
2014/8/16, 47, 34, , , 
2014/8/17, 41, , , , 
2014/8/19, 43, 26, , , 
2014/8/20, 49, 27, , , 
2014/8/21, 55, 19, , , 
2014/8/22, 48, 14, , , 
2014/8/23, 37, 15, , , 
2014/8/24, 32, 21, , , 
2014/8/25, 46, 20, , , 
2014/8/26, 58, 30, , , 
2014/8/27, 59, 39, , , 
2014/8/28, 58, 20, , , 
2014/8/29, 53, 16, , , 
2014/8/30, 32, 26, , , 
2014/8/31, 39, 29, , , 
2014/9/1, 47, 28, , , 
2014/9/2, 49, 25, , , 
2014/9/3, 56, 20, , , 
2014/9/4, 49, 31, , , 
2014/9/5, 52, 39, , , 
2014/9/6, 61, 32, , , 
2014/9/7, 59, 20, , , 
2014/9/8, 28, 14, , , 
2014/9/9, 39, 17, , , 
2014/9/10, 35, 17, , , 
2014/9/11, 44, 22, , , 
2014/9/12, 49, 19, , , 
2014/9/13, 29, , , , 
2014/9/16, 18, 8, , , 
2014/9/17, 47, 23, , , 
2014/9/18, 46, 26, , , 
2014/9/19, 52, 16, , , 
2014/9/20, 47, , , , 
2014/9/23, 40, 15, , , 
2014/9/24, 44, 13, , , 
2014/9/25, 46, 11, , , 
2014/9/26, 43, 19, , , 
2014/9/27, 50, , , , 
2014/9/30, 64, 12, , , 
2014/10/1, 26, 11, , , 
2014/4/2, 29, 22, , , 
2014/4/3, 57, 26, , , 
2014/4/4, 51, 21, , , 
2014/4/5, 46, 22, , , 
2014/4/6, 40, 32, , , 
2014/4/7, 35, 30, , , 
2014/4/8, 46, 30, , , 
2014/4/9, 35, 28, , , 
2014/4/10, 32, 34, , , 
2014/4/11, 39, 37, , , 
2014/4/12, 55, 32, , , 
2014/4/13, 41, 39, , , 
2014/4/14, 47, 31, , , 
2014/4/15, 38, 30, , , 
2014/4/16, 36, 30, , , 
2014/4/17, 39, 27, , , 
2014/4/18, 34, 27, , , 
2014/4/19, 45, 34, , , 
2014/4/20, 54, 32, , , 
2014/4/21, 31, 35, , , 
2014/4/22, 36, 39, , , 
2014/4/23, 49, 24, , , 
2014/4/24, 46, 27, , , 
2014/4/25, 21, 29, , , 
2014/4/26, 28, 21, , , 
2014/4/27, 25, 22, , , 
2014/4/28, 27, 18, , , 
2014/4/29, 24, 25, , , 
2014/4/30, 35, 24, , , 
2014/5/1, 29, 11, , , 
2014/5/2, 48, 28, , , 
2014/5/3, 40, 31, , , 
2014/5/4, 30, 29, , , 
2014/5/5, 32, 17, , , 
2014/5/6, 19, 24, , , 
2014/5/7, 22, 29, , , 
2014/5/8, 36, 28, , , 
2014/5/9, 39, 15, , , 
2014/5/10, 61, , , , 
2014/5/13, 45, 20, , , 
2014/5/14, 29, 21, , , 
2014/5/15, 33, 26, , , 
2014/5/16, 36, 28, , , 
2014/5/17, 33, 33, , , 
2014/5/18, 29, 27, , , 
2014/5/19, 26, 25, , , 
2014/5/20, 34, 24, , , 
2014/5/21, 30, 18, , , 
2014/5/22, 32, 14, , , 
2014/5/23, 27, 19, , , 
2014/5/24, 29, 18, , , 
2014/5/25, 26, 16, , , 
2014/5/26, 40, 34, , , 
2014/5/27, 47, 18, , , 
2014/5/28, 48, 17, , , 
2014/5/29, 24, 24, , , 
2014/5/30, 35, 24, , , 
2014/5/31, 42, 28, , , 
2014/6/1, 27, 28, , , 
2014/6/2, 44, 43, , , 
2014/6/3, 44, 35, , , 
2014/6/4, 49, 23, , , 
2014/6/5, 25, 13, , , 
2014/6/6, 31, 14, , , 
2014/6/7, 33, 21, , , 
2014/6/8, 26, 35, , , 
2014/6/9, 35, 28, , , 
2014/6/10, 43, 24, , , 
2014/6/11, 45, 22, , , 
2014/6/12, 25, 21, , , 
2014/6/13, 26, 20, , , 
2014/6/14, 33, 18, , , 
2014/6/15, 31, 27, , , 
2014/6/16, 20, 23, , , 
2014/6/17, 34, 41, , , 
2014/6/18, 49, 30, , , 
2014/6/19, 54, 25, , , 
2014/6/20, 30, 23, , , 
2014/6/21, 31, 22, , , 
2014/6/22, 28, 25, , , 
2014/6/23, 32, 26, , , 
2014/6/24, 41, 32, , , 
2014/6/25, 42, 32, , , 
2014/6/26, 46, 20, , , 
2014/6/27, 35, 20, , , 
2014/6/28, 29, 25, , , 
2014/6/29, 50, 39, , , 
2014/6/30, 48, 46, , , 
2014/7/1, 46, 34, , , 
2014/1/2, 47, 14, , , 
2014/1/3, 45, 21, , , 
2014/1/4, 38, 23, , , 
2014/1/5, 54, 12, , , 
2014/1/6, 57, 19, , , 
2014/1/7, 38, 20, , , 
2014/1/8, 45, 14, , , 
2014/1/9, 57, 14, , , 
2014/1/10, 62, 1, , , 
2014/1/11, 83, 22, , , 
2014/1/12, 43, 18, , , 
2014/1/13, 27, 21, , , 
2014/1/14, 52, 21, , , 
2014/1/15, 45, 12, , , 
2014/1/16, 57, 1, , , 
2014/1/17, 80, 14, , , 
2014/1/18, 71, 12, , , 
2014/1/19, 51, 21, , , 
2014/1/20, 52, , , , 
2014/1/22, 48, 20, , , 
2014/1/23, 55, 17, , , 
2014/1/24, 61, 19, , , 
2014/1/25, 51, 26, , , 
2014/1/26, 59, 24, , , 
2014/1/27, 50, 18, , , 
2014/1/28, 59, 19, , , 
2014/1/29, 43, 17, , , 
2014/1/30, 59, 17, , , 
2014/1/31, 60, 14, , , 
2014/2/1, 68, 16, , , 
2014/2/2, 71, 17, , , 
2014/2/3, 67, 13, , , 
2014/2/4, 55, 17, , , 
2014/2/5, 66, 17, , , 
2014/2/6, 50, 17, , , 
2014/2/7, 60, 20, , , 
2014/2/8, 65, 22, , , 
2014/2/9, 63, 25, , , 
2014/2/10, 57, 21, , , 
2014/2/11, 68, 19, , , 
2014/2/12, 64, 13, , , 
2014/2/13, 54, 20, , , 
2014/2/14, 30, 22, , , 
2014/2/15, 32, 21, , , 
2014/2/16, 82, 27, , , 
2014/2/17, 42, 24, , , 
2014/2/18, 34, 14, , , 
2014/2/19, 56, 10, , , 
2014/2/20, 76, 22, , , 
2014/2/21, 58, 20, , , 
2014/2/22, 36, , , , 
2014/2/25, 36, 20, , , 
2014/2/26, 48, 21, , , 
2014/2/27, 46, 22, , , 
2014/2/28, 53, 23, , , 
2014/3/1, 49, 26, , , 
2014/3/2, 61, 16, , , 
2014/3/3, 73, 25, , , 
2014/3/4, 45, 20, , , 
2014/3/5, 52, 17, , , 
2014/3/6, 53, 20, , , 
2014/3/7, 51, 19, , , 
2014/3/8, 59, 31, , , 
2014/3/9, 68, 30, , , 
2014/3/10, 45, 26, , , 
2014/3/11, 56, 27, , , 
2014/3/12, 70, 10, , , 
2014/3/13, 96, 21, , , 
2014/3/14, 34, 23, , , 
2014/3/15, 45, 29, , , 
2014/3/16, 51, 26, , , 
2014/3/17, 25, 20, , , 
2014/3/18, 36, 27, , , 
2014/3/19, 36, 27, , , 
2014/3/20, 52, 24, , , 
2014/3/21, 51, 25, , , 
2014/3/22, 37, 31, , , 
2014/3/23, 47, 27, , , 
2014/3/24, 39, 24, , , 
2014/3/25, 33, 26, , , 
2014/3/26, 48, 30, , , 
2014/3/27, 45, 24, , , 
2014/3/28, 38, 32, , , 
2014/3/29, 50, 25, , , 
2014/3/30, 29, 24, , , 
2014/3/31, 15, 23, , , 
2014/4/1, 30, 29, , , 
2020/7/24, , 26, 11, 1, 1
2020/4/1, , 27, 10, 1, 1
2020/1/1, , 19, 6, , 1
2019/1/1, , 22, 6, 1, 1
2019/1/28, , 22, 15, 1, 2
2017/9/9, , 10, 13, 1, 3
2016/1/3, , 10, 20, 1, 4
2015/5/26, , 40, 14, , 2
2015/1/1, , 19, , , 
2014/10/6, , 20, , , 
2014/10/14, , 21, , , 
2014/10/20, , 19, , , 
2014/12/7, , 21, , , 
2014/8/18, , 20, , , 
2014/9/15, , 13, , , 
2014/9/22, , 17, , , 
2014/9/29, , 14, , , 
2014/5/12, , 44, , , 
2014/1/1, , 23, , , 
2014/1/21, , 20, , , 
2014/2/24, , 24, , , 