Date,POC,Daily Mean PM2.5 Concentration,DAILY_AQI_VALUE
01/01/2014,3,6.7,28
01/02/2014,3,7.2,30
01/03/2014,3,5.4,23
01/04/2014,3,8.7,36
01/05/2014,3,12.9,53
01/06/2014,3,4.2,18
01/07/2014,3,7.2,30
01/08/2014,3,9.9,41
01/09/2014,3,12.5,52
01/10/2014,3,23,74
01/11/2014,3,8.5,35
01/12/2014,3,3.6,15
01/13/2014,3,8.7,36
01/14/2014,3,7,29
01/15/2014,3,12.3,51
01/16/2014,3,21.5,71
01/17/2014,3,16.5,60
01/18/2014,3,11.6,48
01/19/2014,3,10.1,42
01/20/2014,3,10,42
01/21/2014,3,5,21
01/22/2014,3,6,25
01/23/2014,3,8.1,34
01/24/2014,3,8.4,35
01/25/2014,3,10.2,43
01/26/2014,3,7.7,32
01/27/2014,3,9.8,41
01/28/2014,3,5.4,23
01/29/2014,3,8.3,35
01/30/2014,3,11,46
02/01/2014,3,17.6,63
02/02/2014,3,16.2,60
02/07/2014,3,14,55
02/08/2014,3,12.4,52
02/09/2014,3,11.6,48
02/10/2014,3,14.2,55
02/11/2014,3,12.6,52
02/12/2014,3,10.4,43
02/13/2014,3,6.4,27
02/14/2014,3,6.7,28
02/15/2014,3,22.2,72
02/16/2014,3,7.7,32
02/17/2014,3,6.1,25
02/18/2014,3,11.9,50
02/19/2014,3,21.9,72
02/20/2014,3,11.8,49
02/21/2014,3,7.9,33
02/22/2014,3,5.3,22
02/23/2014,3,9,38
02/24/2014,3,5.4,23
02/25/2014,3,8.7,36
02/26/2014,3,8.1,34
02/27/2014,3,9.6,40
02/28/2014,3,10.4,43
03/01/2014,3,14.4,56
03/02/2014,3,20.1,68
03/03/2014,3,6.9,29
03/04/2014,3,8.6,36
03/05/2014,3,10.7,45
03/06/2014,3,10.7,45
03/07/2014,3,14.3,56
03/08/2014,3,15.2,58
03/09/2014,3,4.7,20
03/10/2014,3,13.6,54
03/11/2014,3,17.5,62
03/12/2014,3,26.2,81
03/13/2014,3,4.1,17
03/14/2014,3,7.9,33
03/15/2014,3,7.3,30
03/16/2014,3,3.8,16
03/17/2014,3,5.4,23
03/18/2014,3,7,29
03/19/2014,3,13,53
03/20/2014,3,11,46
03/21/2014,3,4.9,20
03/22/2014,3,7.6,32
03/23/2014,3,6.1,25
03/24/2014,3,4.7,20
03/25/2014,3,8.2,34
03/26/2014,3,7.1,30
03/27/2014,3,6.6,28
03/28/2014,3,10.9,45
03/29/2014,3,8.4,35
03/30/2014,3,2.5,10
03/31/2014,3,4.5,19
04/01/2014,3,3.9,16
04/02/2014,3,9.7,40
04/03/2014,3,8.8,37
04/04/2014,3,8.4,35
04/05/2014,3,4.2,18
04/06/2014,3,5.3,22
04/07/2014,3,8.8,37
04/08/2014,3,3.4,14
04/09/2014,3,5,21
04/10/2014,3,7.5,31
04/11/2014,3,11.7,49
04/12/2014,3,8.1,34
04/13/2014,3,12.9,53
04/14/2014,3,8.3,35
04/15/2014,3,4.1,17
04/16/2014,3,5.2,22
04/17/2014,3,6.9,29
04/18/2014,3,9.7,40
04/19/2014,3,9.1,38
04/20/2014,3,6.7,28
04/21/2014,3,6.3,26
04/22/2014,3,10.2,43
04/23/2014,3,6.5,27
04/24/2014,3,3.5,15
04/25/2014,3,3.9,16
04/26/2014,3,3.8,16
04/27/2014,3,5.1,21
04/28/2014,3,2.7,11
04/29/2014,3,7.5,31
04/30/2014,3,5.2,22
05/01/2014,3,10.3,43
05/02/2014,3,3.9,16
05/03/2014,3,5.8,24
05/04/2014,3,3.6,15
05/05/2014,3,1,4
05/06/2014,3,2.3,10
05/07/2014,3,4.5,19
05/08/2014,3,6.8,28
05/09/2014,3,13.3,54
05/10/2014,3,5.1,21
05/11/2014,3,3.6,15
05/12/2014,3,8.1,34
05/13/2014,3,5.5,23
05/14/2014,3,5.6,23
05/15/2014,3,5.8,24
05/20/2014,3,4.2,18
05/21/2014,3,5.5,23
05/22/2014,3,4.4,18
05/23/2014,3,4.9,20
05/24/2014,3,5,21
05/25/2014,3,9,38
05/26/2014,3,11.1,46
05/27/2014,3,10.7,45
05/28/2014,3,5.8,24
05/29/2014,3,8.3,35
05/30/2014,3,9.7,40
05/31/2014,3,6.9,29
06/01/2014,3,9.5,40
06/02/2014,3,10.6,44
06/03/2014,3,9.7,40
06/04/2014,3,5.8,24
06/05/2014,3,6,25
06/06/2014,3,3.2,13
06/07/2014,3,4.1,17
06/08/2014,3,5.6,23
06/09/2014,3,7.5,31
06/10/2014,3,6.7,28
06/11/2014,3,4.3,18
06/12/2014,3,5.8,24
06/13/2014,3,4.4,18
06/14/2014,3,2.4,10
06/15/2014,3,2.1,9
06/16/2014,3,5.4,23
06/17/2014,3,11.7,49
06/18/2014,3,6.2,26
06/19/2014,3,4.1,17
06/20/2014,3,3.7,15
06/21/2014,3,3.7,15
06/22/2014,3,5.8,24
06/23/2014,3,7.3,30
06/24/2014,3,6.4,27
06/25/2014,3,8.1,34
06/26/2014,3,4.6,19
06/27/2014,3,6.1,25
06/28/2014,3,9.8,41
06/29/2014,3,9.1,38
06/30/2014,3,8.3,35
07/01/2014,3,9.4,39
07/02/2014,3,11.6,48
07/03/2014,3,11.3,47
07/04/2014,3,3.9,16
07/05/2014,3,5.1,21
07/06/2014,3,9.8,41
07/07/2014,3,14.9,57
07/08/2014,3,16.1,59
07/09/2014,3,10.5,44
07/10/2014,3,8.1,34
07/11/2014,3,8.8,37
07/12/2014,3,10.6,44
07/13/2014,3,8,33
07/14/2014,3,9.4,39
07/15/2014,3,5.7,24
07/16/2014,3,8.3,35
07/17/2014,3,8.2,34
07/18/2014,3,12.1,51
07/19/2014,3,12.8,52
07/20/2014,3,8.6,36
07/21/2014,3,9.6,40
07/22/2014,3,11.2,47
07/23/2014,3,11.2,47
07/24/2014,3,7.9,33
07/25/2014,3,17.2,62
07/26/2014,3,14.3,56
07/27/2014,3,7.2,30
07/28/2014,3,7.4,31
07/29/2014,3,5.8,24
07/30/2014,3,6.5,27
07/31/2014,3,10.4,43
08/05/2014,3,12.6,52
08/06/2014,3,12.1,51
08/07/2014,3,10.3,43
08/08/2014,3,7.2,30
08/09/2014,3,8.5,35
08/10/2014,3,10,42
08/11/2014,3,9.7,40
08/12/2014,3,7.2,30
08/15/2014,3,8.5,35
08/16/2014,3,9.1,38
08/17/2014,3,9.6,40
08/18/2014,3,5.3,22
08/19/2014,3,8.1,34
08/20/2014,3,10.6,44
08/21/2014,3,8.4,35
08/22/2014,3,7.1,30
08/23/2014,3,5.5,23
08/24/2014,3,8.6,36
08/25/2014,3,12.4,52
08/26/2014,3,10.7,45
08/27/2014,3,12.7,52
08/28/2014,3,8.3,35
08/29/2014,3,5.6,23
08/30/2014,3,5.4,23
08/31/2014,3,9.4,39
09/01/2014,3,8.4,35
09/02/2014,3,10.9,45
09/03/2014,3,7.6,32
09/04/2014,3,9.4,39
09/05/2014,3,11.9,50
09/06/2014,3,10.3,43
09/07/2014,3,5.2,22
09/08/2014,3,6.6,28
09/09/2014,3,6,25
09/10/2014,3,5.5,23
09/11/2014,3,5.2,22
09/12/2014,3,4.8,20
09/13/2014,3,5.4,23
09/14/2014,3,2.7,11
09/15/2014,3,6,25
09/16/2014,3,9.7,40
09/17/2014,3,7.5,31
09/18/2014,3,8.7,36
09/19/2014,3,10.4,43
09/20/2014,3,11.1,46
09/21/2014,3,5.6,23
09/22/2014,3,5.1,21
09/23/2014,3,6.9,29
09/24/2014,3,8.1,34
09/25/2014,3,7.3,30
09/26/2014,3,10.6,44
09/27/2014,3,11.6,48
09/28/2014,3,13.5,54
09/29/2014,3,14.4,56
10/02/2014,3,5.7,24
10/03/2014,3,10.5,44
10/04/2014,3,0.8,3
10/05/2014,3,5.8,24
10/06/2014,3,9.4,39
10/07/2014,3,7.7,32
10/08/2014,3,4.1,17
10/09/2014,3,9.2,38
10/10/2014,3,7.4,31
10/11/2014,3,11.7,49
10/12/2014,3,8.4,35
10/13/2014,3,8.8,37
10/14/2014,3,3.8,16
10/15/2014,3,5.1,21
10/16/2014,3,1,4
10/17/2014,3,8,33
10/18/2014,3,8.2,34
10/19/2014,3,3.4,14
10/20/2014,3,7.7,32
10/21/2014,3,6.5,27
10/22/2014,3,4.9,20
10/23/2014,3,0.2,1
10/24/2014,3,2.1,9
10/25/2014,3,9.3,39
10/26/2014,3,7.2,30
10/27/2014,3,6.9,29
10/28/2014,3,13.8,55
10/29/2014,3,15.5,58
10/30/2014,3,8.4,35
10/31/2014,3,7.9,33
11/01/2014,3,7.2,30
11/02/2014,3,4,17
11/03/2014,3,8.2,34
11/04/2014,3,13.4,54
11/05/2014,3,13.7,54
11/06/2014,3,10.9,45
11/07/2014,3,3.2,13
11/08/2014,3,7.3,30
11/09/2014,3,14,55
11/10/2014,3,16.1,59
11/11/2014,3,15.7,59
11/12/2014,3,11.6,48
11/13/2014,3,7.9,33
11/14/2014,3,7.4,31
11/15/2014,3,8.9,37
11/16/2014,3,13.6,54
11/18/2014,3,8.6,36
11/19/2014,3,10.8,45
11/20/2014,3,12.7,52
11/21/2014,3,9.5,40
11/22/2014,3,12.4,52
11/23/2014,3,17.3,62
11/24/2014,3,8,33
11/25/2014,3,10.4,43
11/27/2014,3,5.6,23
11/28/2014,3,6.9,29
11/29/2014,3,11.6,48
11/30/2014,3,14.3,56
12/01/2014,3,11.5,48
12/02/2014,3,10.7,45
12/03/2014,3,8.5,35
12/04/2014,3,9.6,40
12/05/2014,3,11.2,47
12/06/2014,3,9.6,40
12/07/2014,3,8,33
12/08/2014,3,12.5,52
12/09/2014,3,6.7,28
12/10/2014,3,4.4,18
12/11/2014,3,8.5,35
12/12/2014,3,7.8,33
12/13/2014,3,7.4,31
12/14/2014,3,7.3,30
12/18/2014,3,3.5,15
12/19/2014,3,2.1,9
12/20/2014,3,7.9,33
12/21/2014,3,10.4,43
12/22/2014,3,7.7,32
12/23/2014,3,1.7,7
12/24/2014,3,6.3,26
12/25/2014,3,1.2,5
12/26/2014,3,8.1,34
12/27/2014,3,11.1,46
12/28/2014,3,7.6,32
12/29/2014,3,4.6,19
12/30/2014,3,5.1,21
12/31/2014,3,9.8,41
01/01/2015,3,11.7,49
01/02/2015,3,8,33
01/03/2015,3,7.1,30
01/04/2015,3,5,21
01/05/2015,3,2.3,10
01/06/2015,3,6.9,29
01/07/2015,3,12.5,52
01/08/2015,3,8.9,37
01/09/2015,3,10.9,45
01/10/2015,3,13.2,53
01/11/2015,3,14.4,56
01/12/2015,3,12.7,52
01/13/2015,3,8.2,34
01/14/2015,3,15.2,58
01/15/2015,3,11.6,48
01/16/2015,3,11,46
01/17/2015,3,6.6,28
01/18/2015,3,9,38
01/19/2015,3,3.8,16
01/20/2015,3,3.7,15
01/21/2015,3,8.7,36
01/22/2015,3,8.5,35
01/23/2015,3,13.2,53
01/24/2015,3,17.6,63
01/25/2015,3,6.2,26
01/26/2015,3,8.4,35
01/27/2015,3,4.7,20
01/28/2015,3,4.1,17
01/29/2015,3,12,50
01/30/2015,3,9.9,41
01/31/2015,3,2.9,12
02/01/2015,3,8.8,37
02/02/2015,3,5.2,22
02/03/2015,3,9.2,38
02/04/2015,3,15.1,57
02/05/2015,3,9,38
02/06/2015,3,11.5,48
02/07/2015,3,21.3,70
02/08/2015,3,15,57
02/09/2015,3,8.4,35
02/10/2015,3,8.2,34
02/11/2015,3,8.7,36
02/12/2015,3,18.8,65
02/13/2015,3,4.9,20
02/14/2015,3,12.7,52
02/15/2015,3,6.8,28
02/16/2015,3,7.6,32
02/17/2015,3,9.7,40
02/19/2015,3,16.8,61
02/20/2015,3,7.9,33
02/21/2015,3,15.4,58
02/22/2015,3,16,59
02/23/2015,3,7.8,33
02/24/2015,3,10.1,42
02/25/2015,3,12,50
02/26/2015,3,8.6,36
02/27/2015,3,9.6,40
02/28/2015,3,11.5,48
03/01/2015,3,17.7,63
03/02/2015,3,13.8,55
03/03/2015,3,7.5,31
03/04/2015,3,9.1,38
03/05/2015,3,8.2,34
03/06/2015,3,7,29
03/07/2015,3,15.1,57
03/08/2015,3,17.2,62
03/09/2015,3,9.5,40
03/10/2015,3,11.7,49
03/11/2015,3,10.1,42
03/12/2015,3,3,13
03/13/2015,3,5.3,22
03/14/2015,3,5.7,24
03/15/2015,3,3,13
03/16/2015,3,6.4,27
03/17/2015,3,6.6,28
03/18/2015,3,4.3,18
03/19/2015,3,4.4,18
03/20/2015,3,9.3,39
03/21/2015,3,15.9,59
03/22/2015,3,3.4,14
03/23/2015,3,6.2,26
03/24/2015,3,10.5,44
03/25/2015,3,13,53
03/26/2015,3,10.5,44
03/27/2015,3,8.4,35
03/28/2015,3,6.6,28
03/29/2015,3,5.5,23
03/30/2015,3,9.1,38
03/31/2015,3,3.4,14
04/01/2015,3,5.3,22
04/02/2015,3,10.7,45
04/03/2015,3,14.2,55
04/04/2015,3,4.3,18
04/05/2015,3,5.7,24
04/06/2015,3,7.7,32
04/07/2015,3,9.7,40
04/08/2015,3,8,33
04/09/2015,3,3,13
04/10/2015,3,4.8,20
04/11/2015,3,3.6,15
04/12/2015,3,7.5,31
04/13/2015,3,8.1,34
04/14/2015,3,4.6,19
04/15/2015,3,3.9,16
04/16/2015,3,5.6,23
04/17/2015,3,4.8,20
04/18/2015,3,7.6,32
04/19/2015,3,3.2,13
04/20/2015,3,3.7,15
04/21/2015,3,0.7,3
04/22/2015,3,7.7,32
04/23/2015,3,1.4,6
04/24/2015,3,3.1,13
04/25/2015,3,3.5,15
04/26/2015,3,4.1,17
04/27/2015,3,1.7,7
04/28/2015,3,1.7,7
04/29/2015,3,3.2,13
04/30/2015,3,2.4,10
05/01/2015,3,4.4,18
05/02/2015,3,6.4,27
05/03/2015,3,7.5,31
05/04/2015,3,9.8,41
05/05/2015,3,13,53
05/06/2015,3,5.2,22
05/07/2015,3,5.4,23
05/08/2015,3,12.5,52
05/09/2015,3,7.8,33
05/10/2015,3,3.1,13
05/11/2015,3,10.3,43
05/12/2015,3,5.2,22
05/13/2015,3,3.3,14
05/14/2015,3,4.6,19
05/15/2015,3,6.5,27
05/16/2015,3,6.5,27
05/17/2015,3,9.4,39
05/18/2015,3,7,29
05/19/2015,3,2.5,10
05/20/2015,3,0.4,2
05/21/2015,3,3.4,14
05/22/2015,3,3.9,16
05/23/2015,3,4,17
05/24/2015,3,7.8,33
05/25/2015,3,10.1,42
05/26/2015,3,8.7,36
05/27/2015,3,7,29
05/28/2015,3,7.4,31
06/02/2015,3,5.4,23
06/03/2015,3,8.6,36
06/04/2015,3,7.7,32
06/05/2015,3,9.5,40
06/06/2015,3,8.2,34
06/07/2015,3,8.9,37
06/08/2015,3,9.1,38
06/09/2015,3,11.1,46
06/10/2015,3,8.8,37
06/11/2015,3,20.2,68
06/12/2015,3,15.1,57
06/13/2015,3,10,42
06/14/2015,3,10,42
06/15/2015,3,7.7,32
06/16/2015,3,10.1,42
06/17/2015,3,8.1,34
06/18/2015,3,9.3,39
06/19/2015,3,8.9,37
06/20/2015,3,9.5,40
06/21/2015,3,3.8,16
06/22/2015,3,13.1,53
06/23/2015,3,15.3,58
06/24/2015,3,8.2,34
06/25/2015,3,10,42
06/26/2015,3,10.3,43
06/27/2015,3,9.8,41
06/28/2015,3,2.9,12
06/29/2015,3,7.7,32
06/30/2015,3,8.4,35
07/01/2015,3,11.7,49
07/02/2015,3,11,46
07/03/2015,3,8.6,36
07/04/2015,3,29.8,88
07/05/2015,3,20.9,70
07/06/2015,3,20.7,69
07/07/2015,3,12.9,53
07/08/2015,3,16.5,60
07/09/2015,3,17.6,63
07/10/2015,3,14.4,56
07/11/2015,3,13.3,54
07/12/2015,3,15.8,59
07/13/2015,3,22.3,72
07/14/2015,3,11.6,48
07/15/2015,3,8,33
07/16/2015,3,7.4,31
07/17/2015,3,10.6,44
07/18/2015,3,5.3,22
07/19/2015,3,11.5,48
07/20/2015,3,14,55
07/21/2015,3,13.9,55
07/22/2015,3,6.7,28
07/23/2015,3,8.6,36
07/24/2015,3,8.7,36
07/25/2015,3,7.9,33
07/26/2015,3,10.2,43
07/27/2015,3,8.7,36
07/28/2015,3,11.3,47
07/29/2015,3,14.2,55
07/30/2015,3,11.3,47
07/31/2015,3,5.8,24
08/01/2015,3,8.6,36
08/02/2015,3,6.2,26
08/03/2015,3,10.1,42
08/04/2015,3,9.8,41
08/05/2015,3,7.1,30
08/06/2015,3,4.6,19
08/07/2015,3,5.4,23
08/08/2015,3,6.5,27
08/09/2015,3,7.2,30
08/10/2015,3,7.7,32
08/11/2015,3,4.2,18
08/12/2015,3,5.1,21
08/13/2015,3,5.6,23
08/14/2015,3,6.5,27
08/15/2015,3,8.7,36
08/16/2015,3,8.6,36
08/17/2015,3,12.3,51
08/18/2015,3,16,59
08/19/2015,3,8.1,34
08/20/2015,3,5.7,24
08/21/2015,3,4.6,19
08/22/2015,3,4.9,20
08/23/2015,3,3.5,15
08/24/2015,3,2.6,11
08/25/2015,3,5.3,22
08/26/2015,3,8.2,34
08/27/2015,3,6.2,26
08/28/2015,3,6.1,25
08/29/2015,3,6.3,26
08/30/2015,3,12.1,51
08/31/2015,3,13.4,54
09/01/2015,3,12.6,52
09/02/2015,3,14.7,56
09/03/2015,3,19.1,66
09/04/2015,3,8.9,37
09/05/2015,3,6.9,29
09/06/2015,3,5.2,22
09/07/2015,3,9.7,40
09/08/2015,3,17.1,62
09/09/2015,3,6.5,27
09/10/2015,3,5.7,24
09/12/2015,3,4,17
09/13/2015,3,-0.7,0
09/14/2015,3,5.7,24
09/15/2015,3,6.9,29
09/16/2015,3,8.9,37
09/17/2015,3,7.7,32
09/18/2015,3,12.8,52
09/19/2015,3,9.3,39
09/20/2015,3,2.7,11
09/21/2015,3,7.2,30
09/22/2015,3,6,25
09/23/2015,3,7.1,30
09/24/2015,3,7.3,30
09/25/2015,3,7,29
09/26/2015,3,9.2,38
09/27/2015,3,9.1,38
09/28/2015,3,4.5,19
09/29/2015,3,1.3,5
09/30/2015,3,-0.7,0
10/01/2015,3,6.3,26
10/02/2015,3,8.4,35
10/03/2015,3,8.3,35
10/04/2015,3,10.1,42
10/05/2015,3,8,33
10/06/2015,3,10,42
10/07/2015,3,11.3,47
10/10/2015,3,10,42
10/11/2015,3,10.3,43
10/12/2015,3,13.2,53
10/13/2015,3,13.7,54
10/14/2015,3,8,33
10/15/2015,3,9.4,39
10/16/2015,3,11,46
10/17/2015,3,10.7,45
10/18/2015,3,7.5,31
10/19/2015,3,10,42
10/20/2015,3,12,50
10/21/2015,3,16.1,59
10/22/2015,3,14,55
10/23/2015,3,9.6,40
10/24/2015,3,11.2,47
10/25/2015,3,4.8,20
10/26/2015,3,9,38
10/27/2015,3,12.9,53
10/28/2015,3,8.7,36
10/29/2015,3,3.1,13
10/30/2015,3,7.2,30
10/31/2015,3,10.2,43
11/01/2015,3,13,53
11/02/2015,3,12.2,51
11/03/2015,3,12.5,52
11/04/2015,3,16.9,61
11/05/2015,3,7.1,30
11/06/2015,3,6.1,25
11/07/2015,3,7.6,32
11/08/2015,3,9.5,40
11/09/2015,3,11.6,48
11/10/2015,3,17.5,62
11/11/2015,3,10.3,43
11/12/2015,3,12.5,52
11/13/2015,3,5.8,24
11/14/2015,3,8.9,37
11/15/2015,3,11.1,46
11/16/2015,3,11.2,47
11/21/2015,3,8.6,36
11/22/2015,3,14.7,56
11/23/2015,3,4.2,18
11/24/2015,3,11.3,47
11/25/2015,3,16.6,60
11/26/2015,3,7.5,31
11/27/2015,3,3.1,13
11/28/2015,3,4.6,19
11/29/2015,3,13.1,53
11/30/2015,3,6.5,27
12/01/2015,3,9,38
12/02/2015,3,11.6,48
12/03/2015,3,4.6,19
12/04/2015,3,8.2,34
12/05/2015,3,12.4,52
12/06/2015,3,16.3,60
12/07/2015,3,19,66
12/08/2015,3,7.7,32
12/09/2015,3,10.5,44
12/10/2015,3,12,50
12/11/2015,3,17,61
12/12/2015,3,12.1,51
12/13/2015,3,5,21
12/14/2015,3,9.7,40
12/15/2015,3,2.2,9
12/16/2015,3,6,25
12/17/2015,3,5.9,25
12/18/2015,3,4.9,20
12/19/2015,3,5.4,23
12/20/2015,3,7.9,33
12/21/2015,3,9.7,40
12/22/2015,3,6.2,26
12/23/2015,3,6.3,26
12/24/2015,3,2,8
12/25/2015,3,5.3,22
12/26/2015,3,5.9,25
12/27/2015,3,3.7,15
12/28/2015,3,4.3,18
12/29/2015,3,4.5,19
12/30/2015,3,16.4,60
12/31/2015,3,12.4,52
01/01/2016,3,6,25
01/02/2016,3,8.3,35
01/03/2016,3,11.4,48
01/04/2016,3,6.6,28
01/05/2016,3,8.6,36
01/06/2016,3,11.3,47
01/07/2016,3,16.2,60
01/08/2016,3,12.9,53
01/09/2016,3,13.3,54
01/10/2016,3,4,17
01/11/2016,3,5.1,21
01/12/2016,3,9.8,41
01/13/2016,3,5.5,23
01/14/2016,3,13.8,55
01/15/2016,3,17.6,63
01/16/2016,3,7.7,32
01/17/2016,3,8.8,37
01/18/2016,3,6.9,29
01/19/2016,3,6.1,25
01/20/2016,3,5.5,23
01/21/2016,3,5,21
01/22/2016,3,3.7,15
01/23/2016,3,6,25
01/24/2016,3,6.9,29
01/25/2016,3,9.7,40
01/26/2016,3,11.8,49
01/27/2016,3,6.5,27
01/28/2016,3,9,38
01/29/2016,3,13.2,53
01/30/2016,3,8.1,34
01/31/2016,3,11,46
02/01/2016,3,8.9,37
02/02/2016,3,7.7,32
02/03/2016,3,6.6,28
02/04/2016,3,2.7,11
02/05/2016,3,5.7,24
02/06/2016,3,10,42
02/07/2016,3,15.9,59
02/08/2016,3,5.9,25
02/09/2016,3,9.9,41
02/10/2016,3,16.3,60
02/11/2016,3,6.6,28
02/12/2016,3,7.9,33
02/13/2016,3,9.3,39
02/14/2016,3,8.9,37
02/15/2016,3,13.4,54
02/16/2016,3,8.1,34
02/17/2016,3,5.9,25
02/18/2016,3,7.9,33
02/19/2016,3,10.1,42
02/20/2016,3,8.7,36
02/21/2016,3,5.7,24
02/22/2016,3,5.3,22
02/23/2016,3,7.9,33
02/24/2016,3,4.2,18
02/25/2016,3,2.9,12
02/26/2016,3,5,21
02/27/2016,3,8.5,35
02/28/2016,3,11.7,49
02/29/2016,3,9.3,39
03/01/2016,3,5.3,22
03/02/2016,3,6.6,28
03/03/2016,3,7.4,31
03/04/2016,3,8.7,36
03/05/2016,3,9.7,40
03/06/2016,3,9.6,40
03/07/2016,3,18.6,65
03/08/2016,3,17.2,62
03/09/2016,3,16.1,59
03/10/2016,3,15.3,58
03/11/2016,3,3.8,16
03/12/2016,3,7,29
03/13/2016,3,4.2,18
03/14/2016,3,7.5,31
03/15/2016,3,4,17
03/16/2016,3,3,13
03/17/2016,3,3.7,15
03/18/2016,3,4.2,18
03/19/2016,3,5,21
03/20/2016,3,6,25
03/21/2016,3,5.9,25
03/22/2016,3,5.2,22
03/23/2016,3,8.7,36
03/24/2016,3,7.6,32
03/25/2016,3,8.8,37
03/26/2016,3,3.9,16
03/27/2016,3,7.4,31
03/28/2016,3,3.4,14
03/29/2016,3,3,13
03/30/2016,3,6.7,28
03/31/2016,3,5.5,23
04/01/2016,3,1,4
04/02/2016,3,3.1,13
04/03/2016,3,4.6,19
04/04/2016,3,7.8,33
04/05/2016,3,8.2,34
04/06/2016,3,8.4,35
04/07/2016,3,4.7,20
04/08/2016,3,3.8,16
04/09/2016,3,6.1,25
04/10/2016,3,7.4,31
04/11/2016,3,7.1,30
04/12/2016,3,7.2,30
04/13/2016,3,6.3,26
04/14/2016,3,7.5,31
04/15/2016,3,8.1,34
04/16/2016,3,6.6,28
04/17/2016,3,9.3,39
04/18/2016,3,7.7,32
04/19/2016,3,8,33
04/20/2016,3,4.2,18
04/21/2016,3,5.8,24
04/22/2016,3,11.5,48
04/23/2016,3,5,21
04/24/2016,3,5.5,23
04/25/2016,3,7.2,30
04/27/2016,3,5,21
04/28/2016,3,4.5,19
04/29/2016,3,6,25
04/30/2016,3,6.6,28
05/01/2016,3,5.6,23
05/02/2016,3,2.5,10
05/03/2016,3,2.3,10
05/04/2016,3,2.4,10
05/05/2016,3,0.9,4
05/06/2016,3,1.7,7
05/07/2016,3,2.6,11
05/08/2016,3,3,13
05/09/2016,3,4.2,18
05/10/2016,3,4.5,19
05/11/2016,3,6.5,27
05/12/2016,3,6.4,27
05/13/2016,3,4.4,18
05/14/2016,3,2,8
05/15/2016,3,2.5,10
05/16/2016,3,4.2,18
05/17/2016,3,6.8,28
05/18/2016,3,4.4,18
05/19/2016,3,6.6,28
05/20/2016,3,6.4,27
05/21/2016,3,7.2,30
05/22/2016,3,3.5,15
05/23/2016,3,6.5,27
05/24/2016,3,3.2,13
05/25/2016,3,9.9,41
05/26/2016,3,17.8,63
05/27/2016,3,22.1,72
05/28/2016,3,10.1,42
05/29/2016,3,16.8,61
05/30/2016,3,2.8,12
06/04/2016,3,4.9,20
06/05/2016,3,0.9,4
06/06/2016,3,1.7,7
06/07/2016,3,5.6,23
06/08/2016,3,1.7,7
06/09/2016,3,3.4,14
06/10/2016,3,4.9,20
06/11/2016,3,8.5,35
06/12/2016,3,4.7,20
06/13/2016,3,4.4,18
06/14/2016,3,5.4,23
06/15/2016,3,5,21
06/16/2016,3,8.2,34
06/17/2016,3,7.2,30
06/18/2016,3,7.7,32
06/19/2016,3,7.7,32
06/20/2016,3,6,25
06/21/2016,3,3.9,16
06/22/2016,3,7.4,31
06/23/2016,3,8.7,36
06/24/2016,3,7.2,30
06/25/2016,3,8.3,35
06/26/2016,3,7.1,30
06/27/2016,3,5.7,24
06/28/2016,3,2.5,10
06/29/2016,3,0.2,1
06/30/2016,3,5.5,23
07/01/2016,3,6.9,29
07/02/2016,3,3,13
07/03/2016,3,7.7,32
07/04/2016,3,11.7,49
07/05/2016,3,1.8,8
07/06/2016,3,9.3,39
07/07/2016,3,7.2,30
07/08/2016,3,2.7,11
07/09/2016,3,-0.6,0
07/10/2016,3,1.2,5
07/11/2016,3,3,13
07/12/2016,3,3.7,15
07/13/2016,3,5.2,22
07/14/2016,3,0.3,1
07/15/2016,3,6,25
07/16/2016,3,5.6,23
07/17/2016,3,9.2,38
07/18/2016,3,6,25
07/19/2016,3,5.3,22
07/20/2016,3,6,25
07/21/2016,3,8.7,36
07/22/2016,3,10.9,45
07/23/2016,3,6.2,26
07/24/2016,3,4.8,20
07/25/2016,3,9.7,40
07/26/2016,3,3.9,16
07/27/2016,3,4.2,18
07/28/2016,3,8.8,37
07/29/2016,3,10,42
07/30/2016,3,7.2,30
07/31/2016,3,6.4,27
08/01/2016,3,4.5,19
08/02/2016,3,5.6,23
08/03/2016,3,5.7,24
08/04/2016,3,5.2,22
08/05/2016,3,5.6,23
08/06/2016,3,4.1,17
08/07/2016,3,4.8,20
08/08/2016,3,3.6,15
08/09/2016,3,3.3,14
08/10/2016,3,2.8,12
08/11/2016,3,5,21
08/12/2016,3,1.3,5
08/13/2016,3,7.4,31
08/14/2016,3,-0.2,0
08/15/2016,3,2,8
08/16/2016,3,1,4
08/17/2016,3,-1.7,0
08/18/2016,3,5.4,23
08/19/2016,3,5.1,21
08/20/2016,3,3.8,16
08/21/2016,3,2.7,11
08/22/2016,3,-0.6,0
08/23/2016,3,5.2,22
08/24/2016,3,6,25
08/25/2016,3,6.7,28
08/26/2016,3,1.3,5
08/27/2016,3,4.4,18
08/28/2016,3,4.4,18
08/29/2016,3,1.5,6
08/30/2016,3,4,17
08/31/2016,3,2,8
09/01/2016,3,2.6,11
09/02/2016,3,4.6,19
09/03/2016,3,4.8,20
09/04/2016,3,4.1,17
09/05/2016,3,3.8,16
09/06/2016,3,-2.3,0
09/07/2016,3,-0.6,0
09/08/2016,3,1,4
09/09/2016,3,0.5,2
09/10/2016,3,6.7,28
09/11/2016,3,2.8,12
09/12/2016,3,4.5,19
09/13/2016,3,4.8,20
09/14/2016,3,4.9,20
09/15/2016,3,3.7,15
09/16/2016,3,6.8,28
09/17/2016,3,4.9,20
09/18/2016,3,-3.4,0
09/19/2016,3,-2.8,0
09/20/2016,3,-1,0
09/21/2016,3,2.1,9
09/22/2016,3,3.9,16
09/23/2016,3,3,13
09/24/2016,3,2.9,12
09/25/2016,3,4.9,20
09/26/2016,3,4.3,18
09/27/2016,3,0,0
09/28/2016,3,3.2,13
09/29/2016,3,3.5,15
09/30/2016,3,5,21
10/01/2016,3,0.2,1
10/02/2016,3,0.7,3
10/03/2016,3,-0.3,0
10/04/2016,3,4.4,18
10/05/2016,3,6.5,27
10/06/2016,3,7.6,32
10/07/2016,3,8.5,35
10/08/2016,3,1.5,6
10/09/2016,3,-2.9,0
10/10/2016,3,3,13
10/11/2016,3,6.9,29
10/12/2016,3,6.6,28
10/13/2016,3,0.2,1
10/14/2016,3,5.1,21
10/15/2016,3,8.2,34
10/16/2016,3,6.5,27
10/17/2016,3,3.9,16
10/18/2016,3,9.6,40
10/19/2016,3,4.7,20
10/20/2016,3,4.6,19
10/21/2016,3,-1.8,0
10/22/2016,3,-1.9,0
10/23/2016,3,4.9,20
10/24/2016,3,6,25
10/25/2016,3,5.7,24
10/26/2016,3,5.5,23
10/27/2016,3,8,33
10/28/2016,3,2.7,11
10/29/2016,3,5.7,24
10/30/2016,3,4.9,20
11/04/2016,3,4.3,18
11/05/2016,3,7.9,33
11/06/2016,3,4.5,19
11/07/2016,3,5.6,23
11/08/2016,3,13.6,54
11/09/2016,3,8.9,37
11/10/2016,3,5,21
11/11/2016,3,5.7,24
11/12/2016,3,6.2,26
11/13/2016,3,5.8,24
11/14/2016,3,10.2,43
11/15/2016,3,10.6,44
11/16/2016,3,4,17
11/17/2016,3,4.8,20
11/18/2016,3,7,29
11/19/2016,3,5.8,24
11/20/2016,3,0.3,1
11/21/2016,3,5.3,22
11/22/2016,3,5.2,22
11/23/2016,3,5.4,23
11/24/2016,3,10.9,45
11/25/2016,3,14,55
11/26/2016,3,10.9,45
11/27/2016,3,6.1,25
11/28/2016,3,9.4,39
11/29/2016,3,9,38
11/30/2016,3,3.5,15
12/01/2016,3,3.1,13
12/02/2016,3,4.9,20
12/03/2016,3,3.9,16
12/04/2016,3,5.5,23
12/05/2016,3,12.6,52
12/06/2016,3,8.6,36
12/07/2016,3,11.3,47
12/08/2016,3,12.6,52
12/09/2016,3,4.5,19
12/10/2016,3,6.1,25
12/11/2016,3,14.6,56
12/12/2016,3,10.2,43
12/13/2016,3,8.8,37
12/14/2016,3,14.1,55
12/15/2016,3,5.6,23
12/16/2016,3,10.5,44
12/17/2016,3,16.1,59
12/18/2016,3,7.8,33
12/19/2016,3,7.8,33
12/20/2016,3,10,42
12/21/2016,3,14.7,56
12/22/2016,3,20.8,69
12/23/2016,3,9.3,39
12/24/2016,3,13.3,54
12/25/2016,3,4.9,20
12/26/2016,3,8,33
12/27/2016,3,2.8,12
12/28/2016,3,6.9,29
12/29/2016,3,9.2,38
12/30/2016,3,4.8,20
12/31/2016,3,8.7,36
01/01/2017,3,7,29
01/02/2017,3,12,50
01/03/2017,3,4.3,18
01/04/2017,3,4,17
01/05/2017,3,8.8,37
01/07/2017,3,8.4,35
01/08/2017,3,7.3,30
01/09/2017,3,12.9,53
01/10/2017,3,14.7,56
01/11/2017,3,6.9,29
01/12/2017,3,6.6,28
01/13/2017,3,5.5,23
01/14/2017,3,7.8,33
01/15/2017,3,9,38
01/16/2017,3,13.7,54
01/17/2017,3,12.2,51
01/18/2017,3,6.5,27
01/19/2017,3,5.8,24
01/20/2017,3,6,25
01/21/2017,3,10.2,43
01/22/2017,3,8.5,35
01/23/2017,3,2.9,12
01/24/2017,3,3.1,13
01/25/2017,3,4,17
01/26/2017,3,5.6,23
01/27/2017,3,1.7,7
01/28/2017,3,6.1,25
01/29/2017,3,8.7,36
01/30/2017,3,6.7,28
01/31/2017,3,9.4,39
02/01/2017,3,13.3,54
02/02/2017,3,6.2,26
02/03/2017,3,10,42
02/04/2017,3,8.8,37
02/05/2017,3,10.1,42
02/06/2017,3,5.7,24
02/07/2017,3,5,21
02/08/2017,3,8.6,36
02/09/2017,3,6.2,26
02/10/2017,3,7.7,32
02/11/2017,3,12.1,51
02/12/2017,3,7.9,33
02/13/2017,3,4.5,19
02/14/2017,3,9.6,40
02/15/2017,3,12.4,52
02/16/2017,3,5.9,25
02/17/2017,3,7,29
02/18/2017,3,12.3,51
02/19/2017,3,5.7,24
02/20/2017,3,6.2,26
02/21/2017,3,7.2,30
02/28/2017,3,11,46
03/01/2017,3,8.4,35
03/02/2017,3,5,21
03/03/2017,3,3.1,13
03/04/2017,3,2.2,9
03/05/2017,3,2.9,12
03/06/2017,3,5.9,25
03/07/2017,3,7.8,33
03/08/2017,3,6.7,28
03/09/2017,3,4.4,18
03/10/2017,3,6.1,25
03/11/2017,3,4.2,18
03/12/2017,3,8,33
03/13/2017,3,7.5,31
03/14/2017,3,3.9,16
03/15/2017,3,5.1,21
03/16/2017,3,4.4,18
03/17/2017,3,5.8,24
03/18/2017,3,5.2,22
03/19/2017,3,5.2,22
03/20/2017,3,5,21
03/21/2017,3,9.7,40
03/22/2017,3,4.5,19
03/23/2017,3,3.7,15
03/24/2017,3,9.2,38
03/25/2017,3,12.7,52
03/26/2017,3,6.5,27
03/27/2017,3,8,33
03/28/2017,3,6.2,26
03/29/2017,3,4.2,18
03/30/2017,3,4.3,18
03/31/2017,3,4.9,20
04/01/2017,3,3.9,16
04/02/2017,3,4.7,20
04/03/2017,3,3.6,15
04/04/2017,3,6.2,26
04/05/2017,3,4.7,20
04/06/2017,3,3.2,13
04/07/2017,3,5.9,25
04/08/2017,3,2.6,11
04/09/2017,3,4.6,19
04/10/2017,3,7.4,31
04/11/2017,3,13.1,53
04/12/2017,3,12,50
04/13/2017,3,4.4,18
04/14/2017,3,5.7,24
04/15/2017,3,6.6,28
04/16/2017,3,10.8,45
04/17/2017,3,5.1,21
04/18/2017,3,4.6,19
04/19/2017,3,6.7,28
04/20/2017,3,8.3,35
04/21/2017,3,5.4,23
04/22/2017,3,5.9,25
04/23/2017,3,5.2,22
04/24/2017,3,6.3,26
04/25/2017,3,5.6,23
04/26/2017,3,8.2,34
04/27/2017,3,9,38
04/28/2017,3,10.8,45
04/29/2017,3,11.4,48
04/30/2017,3,4.8,20
05/01/2017,3,5.6,23
05/02/2017,3,10.9,45
05/03/2017,3,2.7,11
05/04/2017,3,5.6,23
05/05/2017,3,7.2,30
05/06/2017,3,6.6,28
05/07/2017,3,6.5,27
05/08/2017,3,3.8,16
05/09/2017,3,6.4,27
05/10/2017,3,6,25
05/11/2017,3,4.7,20
05/12/2017,3,4.9,20
05/13/2017,3,5.5,23
05/14/2017,3,3.7,15
05/15/2017,3,5.3,22
05/16/2017,3,5.6,23
05/17/2017,3,11.5,48
05/18/2017,3,13.8,55
05/19/2017,3,8.2,34
05/20/2017,3,4.9,20
05/21/2017,3,5,21
05/22/2017,3,4.6,19
05/23/2017,3,3.9,16
05/24/2017,3,7.5,31
05/25/2017,3,3.3,14
05/26/2017,3,2.9,12
05/27/2017,3,2.5,10
05/28/2017,3,5.8,24
05/29/2017,3,4.1,17
05/30/2017,3,5.5,23
05/31/2017,3,5.8,24
06/01/2017,3,6,25
06/02/2017,3,4.6,19
06/03/2017,3,2.3,10
06/04/2017,3,3.5,15
06/05/2017,3,3.5,15
06/06/2017,3,3.1,13
06/07/2017,3,5.7,24
06/08/2017,3,6,25
06/09/2017,3,6.5,27
06/10/2017,3,12.6,52
06/11/2017,3,15.1,57
06/12/2017,3,15.2,58
06/13/2017,3,14.8,57
06/14/2017,3,6,25
06/15/2017,3,5.4,23
06/16/2017,3,3.9,16
06/17/2017,3,6.9,29
06/18/2017,3,3.2,13
06/19/2017,3,8.7,36
06/24/2017,3,9.2,38
06/25/2017,3,6.1,25
06/26/2017,3,6.9,29
06/27/2017,3,7,29
06/28/2017,3,6.2,26
06/29/2017,3,9.7,40
06/30/2017,3,13.5,54
07/01/2017,3,11,46
07/02/2017,3,8.5,35
07/03/2017,3,8.2,34
07/04/2017,3,30,89
07/05/2017,3,16.5,60
07/06/2017,3,6.9,29
07/07/2017,3,7.9,33
07/08/2017,3,9.8,41
07/09/2017,3,8.2,34
07/10/2017,3,10.1,42
07/11/2017,3,10.8,45
07/12/2017,3,13,53
07/13/2017,3,12.3,51
07/18/2017,3,5.9,25
07/19/2017,3,7.4,31
07/20/2017,3,12,50
07/21/2017,3,10.5,44
07/22/2017,3,12.7,52
07/23/2017,3,6.9,29
07/24/2017,3,4.3,18
07/25/2017,3,6.8,28
07/26/2017,3,7.8,33
07/27/2017,3,6.5,27
07/28/2017,3,8.2,34
07/29/2017,3,7.1,30
07/30/2017,3,6.6,28
07/31/2017,3,7.8,33
08/01/2017,3,12.3,51
08/02/2017,3,11,46
08/03/2017,3,7.8,33
08/04/2017,3,4.5,19
08/05/2017,3,0.3,1
08/06/2017,3,5.5,23
08/07/2017,3,7.7,32
08/08/2017,3,6,25
08/09/2017,3,9.2,38
08/10/2017,3,12.3,51
08/11/2017,3,7.5,31
08/12/2017,3,6.6,28
08/13/2017,3,6.4,27
08/14/2017,3,9.1,38
08/15/2017,3,10.7,45
08/16/2017,3,9.9,41
08/17/2017,3,8.1,34
08/18/2017,3,9.7,40
08/19/2017,3,11.7,49
08/20/2017,3,8.6,36
08/21/2017,3,16.4,60
08/22/2017,3,17.4,62
08/23/2017,3,7.8,33
08/24/2017,3,8.6,36
08/25/2017,3,7.2,30
08/26/2017,3,9.1,38
08/27/2017,3,10.6,44
08/28/2017,3,10.3,43
08/29/2017,3,7.1,30
08/30/2017,3,7.3,30
08/31/2017,3,10,42
09/01/2017,3,6,25
09/02/2017,3,6.8,28
09/03/2017,3,4.8,20
09/04/2017,3,9.6,40
09/05/2017,3,13.7,54
09/06/2017,3,12.8,52
09/07/2017,3,7.1,30
09/08/2017,3,6.9,29
09/09/2017,3,6.9,29
09/10/2017,3,5.7,24
09/11/2017,3,6.2,26
09/12/2017,3,7.5,31
09/13/2017,3,9,38
09/14/2017,3,8.9,37
09/15/2017,3,14,55
09/16/2017,3,15.9,59
09/17/2017,3,11.3,47
09/18/2017,3,5.7,24
09/19/2017,3,2.6,11
09/20/2017,3,-0.4,0
09/21/2017,3,7.1,30
09/22/2017,3,5.2,22
09/23/2017,3,3.9,16
09/24/2017,3,11.2,47
09/25/2017,3,10.4,43
09/26/2017,3,5.2,22
09/27/2017,3,3.8,16
09/28/2017,3,4.3,18
09/29/2017,3,4.2,18
09/30/2017,3,5.5,23
10/01/2017,3,5.6,23
10/02/2017,3,5.7,24
10/03/2017,3,7.3,30
10/04/2017,3,6.8,28
10/05/2017,3,8.3,35
10/06/2017,3,6.5,27
10/07/2017,3,9,38
10/08/2017,3,3.9,16
10/09/2017,3,4.4,18
10/10/2017,3,5.2,22
10/11/2017,3,8.6,36
10/12/2017,3,6.1,25
10/13/2017,3,8,33
10/14/2017,3,9.7,40
10/15/2017,3,5,21
10/16/2017,3,5.2,22
10/17/2017,3,5.8,24
10/18/2017,3,9,38
10/19/2017,3,10.8,45
10/20/2017,3,7.4,31
10/21/2017,3,7.4,31
10/22/2017,3,13.4,54
10/27/2017,3,6.9,29
10/28/2017,3,9.5,40
10/29/2017,3,4.7,20
10/30/2017,3,3.3,14
10/31/2017,3,6.3,26
11/01/2017,3,8.8,37
11/02/2017,3,8.6,36
11/03/2017,3,6.5,27
11/04/2017,3,3,13
11/05/2017,3,5,21
11/06/2017,3,4.9,20
11/07/2017,3,4.1,17
11/08/2017,3,6.2,26
11/09/2017,3,10.9,45
11/10/2017,3,4.8,20
11/11/2017,3,5.1,21
11/12/2017,3,16.5,60
11/13/2017,3,18,63
11/14/2017,3,9.2,38
11/17/2017,3,4.7,20
11/18/2017,3,8.3,35
11/19/2017,3,6.9,29
11/20/2017,3,4.9,20
11/21/2017,3,9.4,39
11/22/2017,3,9.1,38
11/23/2017,3,8,33
11/24/2017,3,10.4,43
11/25/2017,3,10.5,44
11/26/2017,3,4.8,20
11/27/2017,3,5.5,23
11/28/2017,3,6.8,28
11/29/2017,3,9.3,39
11/30/2017,3,6.5,27
12/01/2017,3,9.2,38
12/02/2017,3,9.4,39
12/03/2017,3,14.4,56
12/04/2017,3,12.4,52
12/05/2017,3,8.5,35
12/06/2017,3,7.2,30
12/07/2017,3,8.7,36
12/08/2017,3,10.3,43
12/09/2017,3,13.5,54
12/10/2017,3,11.7,49
12/11/2017,3,13.6,54
12/12/2017,3,12,50
12/13/2017,3,5.2,22
12/14/2017,3,5.3,22
12/15/2017,3,10.3,43
12/16/2017,3,11.4,48
12/17/2017,3,6.1,25
12/18/2017,3,13.6,54
12/19/2017,3,17.9,63
12/20/2017,3,5.4,23
12/21/2017,3,5,21
12/22/2017,3,10,42
12/23/2017,3,11.1,46
12/24/2017,3,7.6,32
12/25/2017,3,5.7,24
12/26/2017,3,6.2,26
12/27/2017,3,6.3,26
12/28/2017,3,4.2,18
12/29/2017,3,5.8,24
12/30/2017,3,12.8,52
12/31/2017,3,11,46
01/01/2018,3,4.7,20
01/02/2018,3,8.6,36
01/03/2018,3,14.9,57
01/04/2018,3,10,42
01/05/2018,3,6.5,27
01/06/2018,3,4.7,20
01/07/2018,3,7,29
01/08/2018,3,14.4,56
01/09/2018,3,21.7,71
01/10/2018,3,8.7,36
01/11/2018,3,11,46
01/12/2018,3,7.2,30
01/13/2018,3,4.7,20
01/14/2018,3,5.8,24
01/15/2018,3,7.2,30
01/16/2018,3,11.4,48
01/17/2018,3,11.5,48
01/18/2018,3,14.6,56
01/19/2018,3,22.6,73
01/20/2018,3,15.6,58
01/21/2018,3,18.3,64
01/22/2018,3,24.5,77
01/23/2018,3,13,53
01/24/2018,3,5.1,21
01/25/2018,3,3.8,16
01/26/2018,3,5.4,23
01/27/2018,3,8.7,36
01/28/2018,3,10,42
01/29/2018,3,8.3,35
01/30/2018,3,4.9,20
01/31/2018,3,6.7,28
02/01/2018,3,11.3,47
02/02/2018,3,7.5,31
02/03/2018,3,7.9,33
02/04/2018,3,8.6,36
02/05/2018,3,6.5,27
02/06/2018,3,8.6,36
02/07/2018,3,12.6,52
02/08/2018,3,8.9,37
02/09/2018,3,14.5,56
02/10/2018,3,12,50
02/11/2018,3,10.5,44
02/12/2018,3,8.7,36
02/13/2018,3,7,29
02/14/2018,3,13,53
02/15/2018,3,20,68
02/16/2018,3,14.9,57
02/17/2018,3,5.6,23
02/18/2018,3,8.4,35
02/19/2018,3,11.2,47
02/20/2018,3,11.5,48
02/21/2018,3,12.7,52
02/22/2018,3,7.1,30
02/23/2018,3,9,38
02/24/2018,3,6,25
02/25/2018,3,7.3,30
02/26/2018,3,6.5,27
02/27/2018,3,6.4,27
02/28/2018,3,9.7,40
03/01/2018,3,14,55
03/02/2018,3,6.5,27
03/03/2018,3,4.9,20
03/04/2018,3,5,21
03/05/2018,3,5.8,24
03/06/2018,3,4.4,18
03/07/2018,3,5.7,24
03/08/2018,3,5.6,23
03/09/2018,3,7.9,33
03/10/2018,3,4.7,20
03/11/2018,3,4.2,18
03/12/2018,3,6.4,27
03/13/2018,3,4.7,20
03/14/2018,3,4,17
03/15/2018,3,3.5,15
03/16/2018,3,4,17
03/17/2018,3,2.6,11
03/18/2018,3,2.4,10
03/19/2018,3,2.7,11
03/20/2018,3,5.8,24
03/22/2018,3,4.9,20
03/23/2018,3,4.2,18
03/24/2018,3,4.8,20
03/25/2018,3,4.5,19
03/26/2018,3,5.7,24
03/27/2018,3,6.2,26
03/28/2018,3,10.6,44
03/29/2018,3,19.1,66
03/30/2018,3,11.2,47
03/31/2018,3,3.5,15
04/01/2018,3,5.1,21
04/02/2018,3,6.3,26
04/03/2018,3,8.2,34
04/04/2018,3,5.3,22
04/05/2018,3,4.3,18
04/06/2018,3,7.5,31
04/07/2018,3,6,25
04/08/2018,3,3.8,16
04/09/2018,3,4.1,17
04/10/2018,3,11.9,50
04/11/2018,3,14.4,56
04/12/2018,3,15.3,58
04/13/2018,3,20.5,69
04/14/2018,3,12,50
04/15/2018,3,5.8,24
04/16/2018,3,4.7,20
04/17/2018,3,4.2,18
04/18/2018,3,3.9,16
04/19/2018,3,5.7,24
04/20/2018,3,3.6,15
04/21/2018,3,4.8,20
04/22/2018,3,6,25
04/23/2018,3,6.5,27
04/24/2018,3,7.7,32
04/25/2018,3,8.5,35
04/26/2018,3,5.8,24
04/27/2018,3,8.3,35
04/28/2018,3,12,50
04/29/2018,3,7.5,31
04/30/2018,3,5,21
05/01/2018,3,8,33
05/02/2018,3,10.5,44
05/03/2018,3,16.9,61
05/04/2018,3,15.4,58
05/05/2018,3,5.9,25
05/06/2018,3,10.9,45
05/07/2018,3,11.7,49
05/08/2018,3,9.3,39
05/09/2018,3,7.8,33
05/10/2018,3,9,38
05/11/2018,3,7.8,33
05/12/2018,3,10.4,43
05/13/2018,3,10.1,42
05/14/2018,3,7.9,33
05/15/2018,3,12.3,51
05/16/2018,3,9.7,40
05/17/2018,3,11.6,48
05/18/2018,3,7.7,32
05/19/2018,3,7.8,33
05/20/2018,3,6.1,25
05/21/2018,3,8.4,35
05/22/2018,3,11.6,48
05/23/2018,3,9.6,40
05/24/2018,3,10.3,43
05/25/2018,3,15.2,58
05/26/2018,3,19,66
05/27/2018,3,13.3,54
05/28/2018,3,10.7,45
05/31/2018,3,13,53
06/23/2018,3,12.1,51
06/24/2018,3,13.2,53
06/25/2018,3,7.2,30
06/26/2018,3,8,33
06/27/2018,3,7.8,33
06/28/2018,3,7.2,30
06/29/2018,3,10.8,45
06/30/2018,3,16.7,61
07/01/2018,3,19.4,66
07/02/2018,3,20.9,70
07/03/2018,3,23.7,75
07/04/2018,3,29.1,87
07/05/2018,3,13.5,54
07/06/2018,3,4.6,19
07/07/2018,3,7.4,31
07/08/2018,3,9.7,40
07/09/2018,3,8.7,36
07/10/2018,3,10,42
07/11/2018,3,11.6,48
07/12/2018,3,10.4,43
07/13/2018,3,10.5,44
07/14/2018,3,8.4,35
07/15/2018,3,7.7,32
07/16/2018,3,11.2,47
07/17/2018,3,7.3,30
07/18/2018,3,6.8,28
07/19/2018,3,7.7,32
07/20/2018,3,9.5,40
07/21/2018,3,6.8,28
07/22/2018,3,1.3,5
07/23/2018,3,3.2,13
07/24/2018,3,2.5,10
07/25/2018,3,0.3,1
07/26/2018,3,0,0
07/27/2018,3,7.6,32
07/28/2018,3,6.5,27
07/29/2018,3,5.9,25
07/30/2018,3,9,38
07/31/2018,3,10.7,45
08/01/2018,3,4.3,18
08/02/2018,3,4,17
08/03/2018,3,4.4,18
08/04/2018,3,-1.1,0
08/05/2018,3,7.2,30
08/06/2018,3,11.8,49
08/07/2018,3,15.9,59
08/08/2018,3,6.5,27
08/09/2018,3,5.7,24
08/10/2018,3,12,50
08/11/2018,3,9.4,39
08/12/2018,3,7.4,31
08/13/2018,3,4.9,20
08/14/2018,3,5.2,22
08/15/2018,3,5.7,24
08/16/2018,3,18.4,64
08/17/2018,3,11.2,47
08/18/2018,3,6,25
08/19/2018,3,5.1,21
08/20/2018,3,6,25
08/21/2018,3,5.5,23
08/22/2018,3,2.6,11
08/23/2018,3,7,29
08/24/2018,3,13,53
08/25/2018,3,12.1,51
08/26/2018,3,9.5,40
08/27/2018,3,12.7,52
08/28/2018,3,21.6,71
08/29/2018,3,19.6,67
08/30/2018,3,13.4,54
08/31/2018,3,10.3,43
09/01/2018,3,12.8,52
09/02/2018,3,14.3,56
09/03/2018,3,16.5,60
09/04/2018,3,16.2,60
09/05/2018,3,14.9,57
09/06/2018,3,11.5,48
09/07/2018,3,8.7,36
09/10/2018,3,9.7,40
09/11/2018,3,7.5,31
09/12/2018,3,8.2,34
09/13/2018,3,6.5,27
09/14/2018,3,8.6,36
09/15/2018,3,12.2,51
09/16/2018,3,11.6,48
09/17/2018,3,9.5,40
09/18/2018,3,7,29
09/19/2018,3,6.5,27
09/20/2018,3,6.3,26
09/21/2018,3,5.2,22
09/22/2018,3,6.7,28
09/23/2018,3,8.9,37
09/24/2018,3,9.1,38
09/25/2018,3,5.7,24
09/27/2018,3,7,29
09/28/2018,3,8.9,37
09/29/2018,3,7.2,30
09/30/2018,3,7.9,33
10/01/2018,3,8.4,35
10/02/2018,3,8.1,34
10/03/2018,3,6.2,26
10/10/2018,3,4.3,18
10/11/2018,3,5.3,22
10/12/2018,3,3.3,14
10/13/2018,3,6,25
10/14/2018,3,9.6,40
10/15/2018,3,7.4,31
10/16/2018,3,4.2,18
10/17/2018,3,6.2,26
10/18/2018,3,5.5,23
10/19/2018,3,7.4,31
10/20/2018,3,7.1,30
10/21/2018,3,5.4,23
10/22/2018,3,8.2,34
10/23/2018,3,8.7,36
10/24/2018,3,5.2,22
10/25/2018,3,7,29
10/26/2018,3,7.4,31
10/27/2018,3,5.2,22
10/28/2018,3,5.2,22
10/29/2018,3,7.6,32
10/30/2018,3,6.7,28
10/31/2018,3,9.5,40
11/01/2018,3,13.4,54
11/02/2018,3,9.3,39
11/03/2018,3,3.4,14
11/04/2018,3,6.4,27
11/05/2018,3,6.4,27
11/06/2018,3,4.7,20
11/07/2018,3,6.9,29
11/08/2018,3,6.7,28
11/09/2018,3,7.3,30
11/10/2018,3,5.3,22
11/11/2018,3,6.8,28
11/12/2018,3,10.7,45
11/13/2018,3,6.5,27
11/14/2018,3,5,21
11/15/2018,3,8.8,37
11/16/2018,3,6.5,27
11/17/2018,3,8.6,36
11/18/2018,3,7.8,33
11/19/2018,3,14.5,56
11/20/2018,3,9,38
11/21/2018,3,8.2,34
11/22/2018,3,7,29
11/23/2018,3,7.9,33
11/24/2018,3,11.3,47
11/25/2018,3,10.7,45
11/26/2018,3,8.7,36
11/27/2018,3,5.1,21
11/28/2018,3,5.2,22
11/29/2018,3,5.5,23
11/30/2018,3,7.7,32
12/01/2018,3,8.1,34
12/02/2018,3,8.2,34
12/03/2018,3,8.4,35
12/04/2018,3,3.5,15
12/05/2018,3,6.7,28
12/06/2018,3,10.2,43
12/07/2018,3,9,38
12/08/2018,3,6.9,29
12/09/2018,3,13.8,55
12/10/2018,3,10.8,45
12/11/2018,3,12,50
12/12/2018,3,11.6,48
12/13/2018,3,10.6,44
12/14/2018,3,12.1,51
12/15/2018,3,7.8,33
12/16/2018,3,7.4,31
12/17/2018,3,6.6,28
12/18/2018,3,5.6,23
12/19/2018,3,10.2,43
12/20/2018,3,18.3,64
12/21/2018,3,6.5,27
12/22/2018,3,7.2,30
12/23/2018,3,7.5,31
12/24/2018,3,12.9,53
12/25/2018,3,6.9,29
12/26/2018,3,9.3,39
12/27/2018,3,9.2,38
12/28/2018,3,7.5,31
12/29/2018,3,6.3,26
12/30/2018,3,9.2,38
12/31/2018,3,13.2,53
01/01/2019,3,5.7,24
01/02/2019,3,7.1,30
01/03/2019,3,7.4,31
01/04/2019,3,13,53
01/05/2019,3,16,59
01/06/2019,3,9.3,39
01/07/2019,3,7.2,30
01/08/2019,3,10.6,44
01/09/2019,3,7.1,30
01/10/2019,3,5.5,23
01/11/2019,3,5.7,24
01/12/2019,3,7.4,31
01/13/2019,3,8.5,35
01/14/2019,3,12.2,51
01/15/2019,3,9.6,40
01/16/2019,3,13.7,54
01/17/2019,3,8.7,36
01/18/2019,3,11.5,48
01/19/2019,3,8.4,35
01/20/2019,3,6.7,28
01/21/2019,3,9.7,40
01/22/2019,3,10.7,45
01/23/2019,3,12.1,51
01/24/2019,3,5,21
01/25/2019,3,8.5,35
01/26/2019,3,11.2,47
01/27/2019,3,12.7,52
01/28/2019,3,9.8,41
01/29/2019,3,10.2,43
01/30/2019,3,9,38
01/31/2019,3,11.9,50
02/01/2019,3,14,55
02/02/2019,3,16.7,61
02/03/2019,3,23.1,74
02/04/2019,3,21.5,71
02/05/2019,3,12.3,51
02/06/2019,3,8.2,34
02/07/2019,3,8.2,34
02/08/2019,3,6.5,27
02/09/2019,3,6.7,28
02/10/2019,3,6.8,28
02/11/2019,3,7,29
02/12/2019,3,7.5,31
02/13/2019,3,6.5,27
02/14/2019,3,10,42
02/15/2019,3,11.9,50
02/16/2019,3,8.1,34
02/17/2019,3,8.3,35
02/18/2019,3,8.6,36
02/19/2019,3,7.7,32
02/20/2019,3,9.9,41
02/21/2019,3,10.5,44
02/22/2019,3,9.9,41
02/23/2019,3,11,46
02/24/2019,3,7,29
02/25/2019,3,5.7,24
02/26/2019,3,6.4,27
02/27/2019,3,8.2,34
02/28/2019,3,11.2,47
03/01/2019,3,10.1,42
03/02/2019,3,9.7,40
03/03/2019,3,12.7,52
03/04/2019,3,8,33
03/05/2019,3,12.2,51
03/06/2019,3,10.1,42
03/07/2019,3,10,42
03/08/2019,3,13,53
03/09/2019,3,17,61
03/10/2019,3,11,46
03/11/2019,3,9.3,39
03/12/2019,3,7.8,33
03/13/2019,3,8.6,36
03/14/2019,3,9.9,41
03/15/2019,3,11.6,48
03/16/2019,3,6.2,26
03/17/2019,3,5.4,23
03/18/2019,3,6.3,26
03/19/2019,3,8.2,34
03/20/2019,3,10.5,44
03/21/2019,3,8.2,34
03/22/2019,3,5.5,23
03/23/2019,3,4.6,19
03/24/2019,3,7.6,32
03/25/2019,3,6.5,27
03/26/2019,3,6.8,28
03/27/2019,3,7.3,30
03/28/2019,3,9.2,38
03/29/2019,3,10.1,42
03/30/2019,3,12.6,52
03/31/2019,3,7.3,30
04/01/2019,3,6.2,26
04/02/2019,3,8.3,35
04/03/2019,3,7,29
04/04/2019,3,6.4,27
04/05/2019,3,6.6,28
04/06/2019,3,8.2,34
04/07/2019,3,10.5,44
04/08/2019,3,8,33
04/09/2019,3,6.7,28
04/10/2019,3,7,29
04/11/2019,3,8,33
04/12/2019,3,9.5,40
04/13/2019,3,8.6,36
04/14/2019,3,10.3,43
04/15/2019,3,4.3,18
04/16/2019,3,4.6,19
04/17/2019,3,5.9,25
04/18/2019,3,6.6,28
04/19/2019,3,8.7,36
04/20/2019,3,6.5,27
04/21/2019,3,3.9,16
04/22/2019,3,5.3,22
04/23/2019,3,4.7,20
04/24/2019,3,5.7,24
04/25/2019,3,5.2,22
04/26/2019,3,6.2,26
04/27/2019,3,4.5,19
04/28/2019,3,7.3,30
04/29/2019,3,7,29
04/30/2019,3,7,29
05/01/2019,3,9.5,40
05/02/2019,3,8.1,34
05/03/2019,3,8.9,37
05/04/2019,3,7.6,32
05/05/2019,3,5.2,22
05/06/2019,3,5.7,24
05/07/2019,3,6.7,28
05/08/2019,3,7.7,32
05/09/2019,3,7.1,30
05/10/2019,3,7.3,30
05/11/2019,3,4.6,19
05/12/2019,3,5.2,22
05/13/2019,3,6.7,28
05/14/2019,3,5.1,21
05/15/2019,3,5.5,23
05/16/2019,3,8.3,35
05/17/2019,3,15,57
05/18/2019,3,5.9,25
05/19/2019,3,6.5,27
05/20/2019,3,9.6,40
05/21/2019,3,3.7,15
05/22/2019,3,3.7,15
05/23/2019,3,6.4,27
05/24/2019,3,4.9,20
05/25/2019,3,5.2,22
05/26/2019,3,6.2,26
05/27/2019,3,6.6,28
05/28/2019,3,6.3,26
05/29/2019,3,3.4,14
05/30/2019,3,5,21
05/31/2019,3,5.9,25
06/01/2019,3,9.7,40
06/02/2019,3,4.2,18
06/03/2019,3,5.7,24
06/04/2019,3,6.2,26
06/05/2019,3,12.8,52
06/06/2019,3,8.2,34
06/11/2019,3,0,0
06/12/2019,3,3.8,16
06/13/2019,3,2,8
06/14/2019,3,3,13
06/15/2019,3,5.4,23
06/16/2019,3,7.4,31
06/17/2019,3,5.7,24
06/18/2019,3,10.2,43
06/19/2019,3,6,25
06/20/2019,3,3.1,13
06/21/2019,3,2.4,10
06/22/2019,3,4.8,20
06/23/2019,3,6.2,26
06/24/2019,3,8.7,36
06/25/2019,3,7.5,31
06/26/2019,3,4.7,20
06/27/2019,3,6.9,29
06/28/2019,3,10.5,44
06/29/2019,3,10.8,45
06/30/2019,3,2.8,12
07/01/2019,3,6.2,26
07/02/2019,3,6.6,28
07/03/2019,3,12.6,52
07/04/2019,3,18.7,65
07/05/2019,3,15,57
07/06/2019,3,7.2,30
07/07/2019,3,6.7,28
07/08/2019,3,7,29
07/09/2019,3,8.1,34
07/10/2019,3,13.8,55
07/11/2019,3,13.5,54
07/12/2019,3,6.7,28
07/13/2019,3,9.7,40
07/14/2019,3,8.5,35
07/15/2019,3,4.2,18
07/16/2019,3,8.8,37
07/17/2019,3,10.3,43
07/18/2019,3,4.8,20
07/19/2019,3,8.5,35
07/20/2019,3,11.3,47
07/21/2019,3,6,25
07/22/2019,3,9.2,38
07/23/2019,3,5.6,23
07/24/2019,3,8.1,34
07/25/2019,3,8.2,34
07/26/2019,3,10.2,43
07/27/2019,3,7.7,32
07/28/2019,3,9.8,41
07/29/2019,3,13.6,54
07/30/2019,3,17.8,63
07/31/2019,3,11.5,48
08/01/2019,3,7,29
08/02/2019,3,7.2,30
08/03/2019,3,7.3,30
08/04/2019,3,8.3,35
08/05/2019,3,6.2,26
08/06/2019,3,8.5,35
08/07/2019,3,7.2,30
08/08/2019,3,5.7,24
08/09/2019,3,6.7,28
08/10/2019,3,4.1,17
08/11/2019,3,3.2,13
08/12/2019,3,7.8,33
08/13/2019,3,9.9,41
08/14/2019,3,8.9,37
08/15/2019,3,7.5,31
08/16/2019,3,6.5,27
08/17/2019,3,4.5,19
08/18/2019,3,7.9,33
08/19/2019,3,8,33
08/20/2019,3,9.7,40
08/21/2019,3,7.8,33
08/22/2019,3,8.1,34
08/23/2019,3,5.3,22
08/24/2019,3,4.5,19
08/25/2019,3,4,17
08/26/2019,3,6.5,27
08/27/2019,3,7,29
08/28/2019,3,4.7,20
08/29/2019,3,5.2,22
08/30/2019,3,8,33
08/31/2019,3,4.1,17
09/01/2019,3,5.3,22
09/02/2019,3,4.1,17
09/03/2019,3,6.4,27
09/04/2019,3,6.9,29
09/05/2019,3,4.2,18
09/06/2019,3,6.6,28
09/07/2019,3,5.3,22
09/08/2019,3,4.6,19
09/09/2019,3,6.6,28
09/10/2019,3,5.8,24
09/11/2019,3,7.1,30
09/12/2019,3,4.9,20
09/13/2019,3,5.4,23
09/14/2019,3,5.7,24
09/15/2019,3,4.1,17
09/16/2019,3,4.6,19
09/17/2019,3,5.9,25
09/18/2019,3,4.1,17
09/19/2019,3,6.2,26
09/20/2019,3,8.3,35
09/21/2019,3,9.7,40
09/22/2019,3,9.5,40
09/23/2019,3,12.4,52
09/24/2019,3,3.7,15
09/25/2019,3,5.3,22
09/26/2019,3,8,33
09/27/2019,3,6.2,26
09/28/2019,3,8.2,34
09/29/2019,3,5.3,22
09/30/2019,3,6.4,27
10/01/2019,3,6.4,27
10/02/2019,3,7.1,30
10/03/2019,3,5.8,24
10/04/2019,3,5.5,23
10/05/2019,3,7.2,30
10/06/2019,3,8.1,34
10/07/2019,3,4.1,17
10/08/2019,3,5.5,23
10/09/2019,3,8,33
10/10/2019,3,7.9,33
10/11/2019,3,7.5,31
10/12/2019,3,6.1,25
10/13/2019,3,9.4,39
10/14/2019,3,10.1,42
10/15/2019,3,7.9,33
10/16/2019,3,10,42
10/17/2019,3,5.1,21
10/18/2019,3,4.9,20
10/19/2019,3,8.8,37
10/20/2019,3,13.3,54
10/21/2019,3,8.4,35
10/22/2019,3,8.1,34
10/23/2019,3,8.4,35
10/24/2019,3,9.2,38
10/25/2019,3,11.4,48
10/26/2019,3,10,42
10/27/2019,3,7.2,30
10/28/2019,3,6.5,27
10/29/2019,3,6.5,27
10/30/2019,3,8.5,35
11/01/2019,3,5.8,24
11/02/2019,3,9.5,40
11/03/2019,3,11.6,48
11/04/2019,3,9.5,40
11/05/2019,3,10.7,45
11/06/2019,3,10.1,42
11/07/2019,3,11.2,47
11/08/2019,3,6,25
11/09/2019,3,8.9,37
11/10/2019,3,12.5,52
11/11/2019,3,16.7,61
11/12/2019,3,9.3,39
11/13/2019,3,6.6,28
11/14/2019,3,11.8,49
11/15/2019,3,13.2,53
11/16/2019,3,5.7,24
11/17/2019,3,9,38
11/18/2019,3,8.7,36
11/19/2019,3,9.8,41
11/20/2019,3,7.7,32
11/21/2019,3,10.6,44
11/22/2019,3,11.4,48
11/23/2019,3,8.4,35
11/24/2019,3,9.6,40
11/25/2019,3,16.4,60
11/26/2019,3,19,66
11/27/2019,3,17.7,63
11/28/2019,3,6.7,28
11/29/2019,3,5.7,24
11/30/2019,3,6.6,28
12/01/2019,3,11.2,47
12/02/2019,3,6.6,28
12/03/2019,3,7.4,31
12/04/2019,3,11.5,48
12/05/2019,3,11.2,47
12/06/2019,3,10.1,42
12/07/2019,3,8.4,35
12/08/2019,3,11.5,48
12/09/2019,3,8.4,35
12/10/2019,3,10.7,45
12/11/2019,3,7.4,31
12/12/2019,3,11.7,49
12/19/2019,3,4.1,17
12/20/2019,3,5.6,23
12/21/2019,3,8.5,35
12/22/2019,3,18.7,65
12/23/2019,3,12.1,51
12/24/2019,3,4.8,20
12/25/2019,3,9,38
12/26/2019,3,10.7,45
12/27/2019,3,5.4,23
12/28/2019,3,3.9,16
12/29/2019,3,4.9,20
12/30/2019,3,3,13
12/31/2019,3,3.9,16
,,,
01/01/2020,3,1.7,7
01/02/2020,3,5,21
01/03/2020,3,9,38
01/04/2020,3,8.8,37
01/05/2020,3,0.4,2
01/06/2020,3,4.3,18
01/07/2020,3,3.5,15
01/08/2020,3,5.2,22
01/09/2020,3,3.8,16
01/10/2020,3,5.2,22
01/11/2020,3,5.5,23
01/12/2020,3,2,8
01/13/2020,3,5.5,23
01/14/2020,3,7.3,30
01/15/2020,3,7.1,30
01/16/2020,3,3.5,15
01/17/2020,3,1.6,7
01/18/2020,3,6.4,27
01/19/2020,3,7.6,32
01/20/2020,3,3.4,14
01/21/2020,3,5.9,25
01/22/2020,3,10.6,44
01/23/2020,3,12.5,52
01/24/2020,3,13.8,55
01/25/2020,3,3.7,15
01/26/2020,3,1.2,5
01/27/2020,3,4.6,19
01/28/2020,3,3,13
01/29/2020,3,2.8,12
01/30/2020,3,5.3,22
01/31/2020,3,7.6,32
02/01/2020,3,9.5,40
02/02/2020,3,12,50
02/03/2020,3,8,33
02/04/2020,3,10.9,45
02/05/2020,3,5.5,23
02/06/2020,3,3.2,13
02/07/2020,3,1.9,8
02/08/2020,3,3.7,15
02/09/2020,3,5,21
02/10/2020,3,5.6,23
02/11/2020,3,10.1,42
02/12/2020,3,4.1,17
02/13/2020,3,6.7,28
02/14/2020,3,3,13
02/15/2020,3,4.9,20
02/16/2020,3,7.9,33
02/17/2020,3,8.8,37
02/18/2020,3,3.8,16
02/21/2020,3,5.1,21
02/22/2020,3,7.7,32
02/23/2020,3,10.2,43
02/24/2020,3,8.5,35
02/25/2020,3,10.1,42
02/26/2020,3,8.9,37
02/27/2020,3,1,4
02/28/2020,3,1.3,5
02/29/2020,3,3.2,13
03/01/2020,3,4,17
03/02/2020,3,8.2,34
03/03/2020,3,8.8,37
03/04/2020,3,3.4,14
03/05/2020,3,2.2,9
03/06/2020,3,6,25
03/07/2020,3,1.7,7
03/08/2020,3,3.6,15
03/09/2020,3,5.8,24
03/10/2020,3,8.7,36
03/11/2020,3,3.5,15
03/12/2020,3,4.2,18
03/13/2020,3,3.9,16
03/14/2020,3,3.1,13
03/15/2020,3,2.3,10
03/16/2020,3,2.5,10
03/17/2020,3,3.7,15
03/18/2020,3,4.1,17
03/19/2020,3,2.4,10
03/20/2020,3,4.5,19
03/21/2020,3,1.8,8
03/22/2020,3,2.8,12
03/23/2020,3,3.3,14
03/24/2020,3,2.7,11
03/25/2020,3,3.9,16
03/26/2020,3,3.9,16
03/27/2020,3,2.6,11
03/28/2020,3,5.5,23
03/29/2020,3,1.3,5
03/30/2020,3,2.5,10
03/31/2020,3,3.9,16
04/01/2020,3,3.3,14
04/02/2020,3,0.3,1
04/03/2020,3,0.7,3
04/04/2020,3,3.6,15
04/05/2020,3,5.1,21
04/06/2020,3,0.8,3
04/07/2020,3,2.9,12
04/08/2020,3,5.3,22
04/09/2020,3,3.1,13
04/10/2020,3,1.3,5
04/11/2020,3,0.5,2
04/12/2020,3,4.5,19
04/13/2020,3,3.9,16
04/14/2020,3,1.5,6
04/15/2020,3,2.5,10
04/16/2020,3,3.1,13
04/17/2020,3,4.3,18
04/18/2020,3,3.5,15
04/19/2020,3,6.9,29
04/20/2020,3,2.9,12
04/21/2020,3,4.2,18
04/22/2020,3,3,13
04/23/2020,3,3.7,15
04/24/2020,3,8,33
04/25/2020,3,8.1,34
04/26/2020,3,5.4,23
04/27/2020,3,1.1,5
04/28/2020,3,2.8,12
04/29/2020,3,3.5,15
04/30/2020,3,6,25
05/01/2020,3,2.7,11
05/02/2020,3,2.2,9
05/03/2020,3,6.3,26
05/04/2020,3,2,8
05/05/2020,3,1.6,7
05/06/2020,3,1.4,6
05/07/2020,3,2.4,10
05/08/2020,3,0.9,4
05/09/2020,3,0.8,3
05/10/2020,3,2.9,12
05/11/2020,3,3.8,16
05/12/2020,3,1.5,6
05/13/2020,3,1.1,5
05/14/2020,3,3.9,16
05/15/2020,3,6.2,26
05/16/2020,3,1.2,5
05/17/2020,3,2.9,12
05/18/2020,3,4.7,20
05/19/2020,3,3.5,15
05/20/2020,3,3.8,16
05/21/2020,3,4.7,20
05/22/2020,3,7.4,31
05/23/2020,3,5.5,23
05/24/2020,3,5,21
05/25/2020,3,7,29
05/26/2020,3,4.5,19
05/27/2020,3,0.7,3
05/28/2020,3,1.9,8
05/29/2020,3,2.6,11
05/30/2020,3,0.9,4
05/31/2020,3,-0.1,0
06/01/2020,3,1.3,5
06/02/2020,3,3.5,15
06/03/2020,3,9.2,38
06/04/2020,3,9.4,39
06/05/2020,3,9.4,39
06/06/2020,3,5.5,23
06/07/2020,3,3.5,15
06/08/2020,3,2.8,12
06/09/2020,3,2.8,12
06/10/2020,3,9.3,39
06/11/2020,3,2.7,11
06/12/2020,3,1.7,7
06/13/2020,3,0.3,1
06/14/2020,3,1.1,5
06/15/2020,3,2.7,11
06/16/2020,3,5.7,24
06/17/2020,3,6.5,27
06/18/2020,3,1.4,6
06/19/2020,3,1.9,8
06/20/2020,3,4.9,20
06/21/2020,3,8.1,34
06/22/2020,3,-0.5,0
06/23/2020,3,5.7,24
06/24/2020,3,6.9,29
06/25/2020,3,2.3,10
06/26/2020,3,6.5,27
06/27/2020,3,6.5,27
06/28/2020,3,2.6,11
06/29/2020,3,0.7,3
06/30/2020,3,0,0
07/01/2020,3,1.5,6
07/02/2020,3,4,17
07/03/2020,3,3.2,13
07/04/2020,3,25.6,79
07/05/2020,3,13.8,55
07/06/2020,3,0.2,1
07/07/2020,3,2.1,9
07/08/2020,3,4.8,20
07/09/2020,3,7.7,32
07/10/2020,3,1,4
07/11/2020,3,2.8,12
07/12/2020,3,2.6,11
07/16/2020,3,0,0
07/17/2020,3,-0.3,0
07/25/2020,3,12.1,51
07/26/2020,3,10.4,43
07/27/2020,3,10.8,45
07/28/2020,3,9.3,39
07/29/2020,3,10.6,44
07/30/2020,3,7.9,33
07/31/2020,3,8.2,34
08/01/2020,3,9.7,40
08/02/2020,3,8,33
08/03/2020,3,9.1,38
08/04/2020,3,9.9,41
08/05/2020,3,8.2,34
08/06/2020,3,8,33
08/07/2020,3,8.2,34
08/08/2020,3,7.1,30
08/09/2020,3,8.4,35
08/10/2020,3,11.6,48
08/11/2020,3,14.6,56
08/12/2020,3,9.3,39
08/13/2020,3,9.8,41
08/14/2020,3,11.3,47
08/15/2020,3,9.9,41
08/16/2020,3,6.9,29
08/17/2020,3,6,25
08/18/2020,3,6.2,26
08/19/2020,3,7.3,30
08/20/2020,3,4.6,19
08/21/2020,3,8.7,36
08/22/2020,3,11.1,46
08/23/2020,3,9.5,40
08/24/2020,3,9.1,38
08/25/2020,3,7.4,31
08/26/2020,3,3,13
08/27/2020,3,6.2,26
08/28/2020,3,7.1,30
08/29/2020,3,9.1,38
08/30/2020,3,3.2,13
08/31/2020,3,5.7,24
09/01/2020,3,4.8,20
09/02/2020,3,2.9,12
09/03/2020,3,5.7,24
09/04/2020,3,6.1,25
09/05/2020,3,6.2,26
09/06/2020,3,10,42
09/07/2020,3,3.8,16
09/08/2020,3,5.6,23
09/09/2020,3,8,33
09/10/2020,3,3.8,16
09/11/2020,3,4,17
09/12/2020,3,4.1,17
09/13/2020,3,6.7,28
09/14/2020,3,4.5,19
09/15/2020,3,5.5,23
09/16/2020,3,5.6,23
09/17/2020,3,6.7,28
09/18/2020,3,6.7,28
09/19/2020,3,5.9,25
09/20/2020,3,5,21
09/21/2020,3,5.7,24
09/22/2020,3,6.1,25
09/23/2020,3,9.5,40
09/24/2020,3,12.4,52
09/25/2020,3,14,55
09/26/2020,3,14.3,56
09/27/2020,3,4.9,20
09/28/2020,3,5.3,22
09/29/2020,3,5.5,23
09/30/2020,3,4.1,17
10/01/2020,3,7.7,32
10/02/2020,3,8.3,35
10/03/2020,3,6.8,28
10/04/2020,3,5.1,21
10/05/2020,3,6.8,28
10/06/2020,3,5.2,22
10/07/2020,3,7,29
10/08/2020,3,4,17
10/09/2020,3,6,25
10/10/2020,3,8.8,37
10/11/2020,3,5.4,23
10/12/2020,3,5.5,23
10/13/2020,3,2.6,11
10/14/2020,3,5.6,23
10/15/2020,3,9.3,39
10/16/2020,3,4.4,18
10/17/2020,3,6.8,28
10/18/2020,3,11.5,48
10/19/2020,3,9.6,40
10/20/2020,3,7.6,32
10/21/2020,3,4.3,18
10/22/2020,3,5.7,24
10/23/2020,3,6.2,26
10/24/2020,3,5.5,23
10/25/2020,3,5.9,25
10/26/2020,3,5.3,22
10/27/2020,3,4.3,18
10/28/2020,3,3.4,14
10/29/2020,3,4.4,18
10/30/2020,3,5.3,22
10/31/2020,3,10.7,45
11/01/2020,3,9.6,40
11/02/2020,3,3.7,15
11/03/2020,3,4.2,18
11/04/2020,3,5.5,23
11/05/2020,3,4.8,20
11/06/2020,3,6.9,29
11/07/2020,3,12.8,52
11/08/2020,3,16.7,61
11/09/2020,3,21.7,71
11/10/2020,3,12.5,52
11/11/2020,3,1.2,5
11/12/2020,3,0.7,3
11/13/2020,3,4.2,18
11/14/2020,3,6.9,29
11/15/2020,3,5.4,23
11/16/2020,3,2.7,11
11/17/2020,3,4.9,20
11/18/2020,3,4.2,18
11/19/2020,3,7.8,33
11/20/2020,3,8.6,36
11/21/2020,3,8.7,36
11/22/2020,3,5.1,21
11/23/2020,3,2.5,10
11/24/2020,3,4.4,18
11/25/2020,3,9.7,40
11/26/2020,3,7.2,30
11/27/2020,3,5.4,23
11/28/2020,3,6.8,28
11/29/2020,3,8.1,34
11/30/2020,3,7.8,33
12/01/2020,3,5.3,22
12/02/2020,3,5,21
12/03/2020,3,6.3,26
12/04/2020,3,8.1,34
12/05/2020,3,4.2,18
12/06/2020,3,3.6,15
12/07/2020,3,4.4,18
12/08/2020,3,5.7,24
12/09/2020,3,9.3,39
12/10/2020,3,8.1,34
12/11/2020,3,13.3,54
12/12/2020,3,16.7,61
12/13/2020,3,9.3,39
12/14/2020,3,5.8,24
12/15/2020,3,4.3,18
12/16/2020,3,6.1,25
12/17/2020,3,4.7,20
12/18/2020,3,7.5,31
12/19/2020,3,13,53
12/20/2020,3,20.2,68
12/21/2020,3,21.6,71
12/22/2020,3,11.2,47
12/23/2020,3,6.5,27
12/24/2020,3,6,25
12/25/2020,3,3.2,13
12/26/2020,3,7,29
12/27/2020,3,9.3,39
12/28/2020,3,10,42
12/29/2020,3,2.6,11
12/30/2020,3,5.2,22
12/31/2020,3,4.5,19
01/01/2021,3,7.3,30
01/02/2021,3,2,8
01/03/2021,3,6.3,26
01/04/2021,3,5.1,21
01/05/2021,3,4.2,18
01/06/2021,3,4,17
01/07/2021,3,4.8,20
01/08/2021,3,5,21
01/09/2021,3,5.2,22
01/10/2021,3,6.8,28
01/11/2021,3,14.3,56
01/12/2021,3,11.8,49
01/13/2021,3,11,46
01/14/2021,3,27.1,83
01/15/2021,3,15.2,58
01/16/2021,3,3.7,15
01/17/2021,3,5.3,22
01/18/2021,3,4.2,18
01/19/2021,3,4.9,20
01/20/2021,3,6.2,26
01/21/2021,3,8.3,35
01/22/2021,3,11.1,46
01/23/2021,3,1.9,8
01/24/2021,3,4.5,19
01/25/2021,3,4,17
01/26/2021,3,6.1,25
01/27/2021,3,7,29
01/28/2021,3,5.1,21
01/29/2021,3,4.4,18
01/30/2021,3,6.6,28
01/31/2021,3,9.9,41
02/01/2021,3,7,29
02/02/2021,3,3,13
02/03/2021,3,3.9,16
02/04/2021,3,5.2,22
02/05/2021,3,11.4,48
02/06/2021,3,9.3,39
02/07/2021,3,7.5,31
02/08/2021,3,7.6,32
02/09/2021,3,10.6,44
02/10/2021,3,11.5,48
02/11/2021,3,9,38
02/12/2021,3,6.5,27
02/13/2021,3,6.4,27
02/14/2021,3,8.1,34
02/15/2021,3,8,33
02/16/2021,3,4.2,18
02/17/2021,3,3.6,15
02/18/2021,3,4.9,20
02/19/2021,3,7.4,31
02/20/2021,3,6.3,26
02/21/2021,3,6.9,29
02/22/2021,3,7.3,30
02/23/2021,3,7.7,32
02/24/2021,3,5.1,21
02/25/2021,3,3.8,16
02/26/2021,3,5.9,25
02/27/2021,3,5.8,24
02/28/2021,3,6.5,27
03/01/2021,3,4.7,20
03/02/2021,3,3.8,16
03/03/2021,3,8.3,35
03/04/2021,3,5.5,23
03/05/2021,3,3.9,16
03/06/2021,3,4.8,20
03/07/2021,3,5.4,23
03/08/2021,3,7.4,31
03/13/2021,3,2.5,10
03/14/2021,3,2.2,9
03/15/2021,3,2.9,12
03/16/2021,3,6.6,28
03/17/2021,3,7.7,32
03/18/2021,3,11.3,47
03/19/2021,3,3.7,15
03/20/2021,3,5.2,22
03/21/2021,3,7.6,32
03/22/2021,3,9.3,39
03/23/2021,3,7.2,30
03/24/2021,3,6.6,28
03/25/2021,3,11.5,48
03/26/2021,3,5.1,21
03/27/2021,3,2,8
03/28/2021,3,2.9,12
03/29/2021,3,2.1,9
03/30/2021,3,4.5,19
03/31/2021,3,5.8,24
04/01/2021,3,0.6,3
04/02/2021,3,3.2,13
04/03/2021,3,3.2,13
04/04/2021,3,4.7,20
04/05/2021,3,4.4,18
04/06/2021,3,1.6,7
04/07/2021,3,2.7,11
04/08/2021,3,1.9,8
04/09/2021,3,4.6,19
04/10/2021,3,5.8,24
04/11/2021,3,5.5,23
04/12/2021,3,3.1,13
04/13/2021,3,4.6,19
04/14/2021,3,5.1,21
04/15/2021,3,5.7,24
04/16/2021,3,3.2,13
04/17/2021,3,2.2,9
04/18/2021,3,4.6,19
04/19/2021,3,7.3,30
04/20/2021,3,7.1,30
04/21/2021,3,5.4,23
04/22/2021,3,2.8,12
04/23/2021,3,4.2,18
04/24/2021,3,8.7,36
04/25/2021,3,8.4,35
04/26/2021,3,2.2,9
04/27/2021,3,4.2,18
04/28/2021,3,7.5,31
04/29/2021,3,6.9,29
04/30/2021,3,0.7,3
05/01/2021,3,1.7,7
05/02/2021,3,5,21
05/03/2021,3,4,17
05/04/2021,3,5.2,22
05/05/2021,3,3,13
05/06/2021,3,0.8,3
05/07/2021,3,3.9,16
05/08/2021,3,3.2,13
05/09/2021,3,2.8,12
05/10/2021,3,4.6,19
05/11/2021,3,3,13
05/12/2021,3,2.6,11
05/13/2021,3,4.4,18
05/14/2021,3,6.4,27
05/15/2021,3,7.7,32
05/16/2021,3,7.4,31
05/17/2021,3,6.2,26
05/18/2021,3,4.9,20
05/19/2021,3,5,21
05/20/2021,3,3.5,15
05/21/2021,3,4.6,19
05/22/2021,3,8.4,35
05/23/2021,3,4.3,18
05/24/2021,3,1.3,5
05/25/2021,3,2,8
05/26/2021,3,9.8,41
05/27/2021,3,3.9,16
05/28/2021,3,0.6,3
05/29/2021,3,1.3,5
05/30/2021,3,0.1,0
05/31/2021,3,0.2,1
06/01/2021,3,5.4,23
06/02/2021,3,7.6,32
06/03/2021,3,1.9,8
06/04/2021,3,0,0
06/05/2021,3,6.3,26
06/06/2021,3,9.9,41
06/07/2021,3,11.2,47
06/08/2021,3,8.7,36
06/09/2021,3,5.6,23
06/10/2021,3,4.1,17
06/11/2021,3,3.2,13
06/12/2021,3,2.3,10
06/13/2021,3,5,21
06/14/2021,3,2.3,10
06/15/2021,3,2.6,11
06/16/2021,3,1.1,5
06/17/2021,3,2.7,11
06/18/2021,3,4.6,19
06/19/2021,3,6.9,29
06/20/2021,3,4,17
06/21/2021,3,8.1,34
06/22/2021,3,0.5,2
06/23/2021,3,0.5,2
06/24/2021,3,4.7,20
06/25/2021,3,1,4
06/26/2021,3,1.5,6
06/27/2021,3,5.4,23
06/28/2021,3,8.3,35
06/29/2021,3,4.9,20
06/30/2021,3,4,17
07/01/2021,3,2.3,10
07/02/2021,3,-1.5,0
07/03/2021,3,-2.7,0
07/04/2021,3,1.1,5
07/05/2021,3,2.7,11
07/06/2021,3,6.7,28
07/07/2021,3,10.5,44
07/08/2021,3,5,21
07/09/2021,3,0.6,3
07/10/2021,3,1.8,8
07/11/2021,3,5.8,24
07/12/2021,3,2.2,9
07/13/2021,3,1.6,7
07/14/2021,3,6.8,28
07/15/2021,3,3.8,16
07/16/2021,3,9,38
07/17/2021,3,4,17
07/18/2021,3,2.6,11
07/19/2021,3,1.5,6
07/20/2021,3,29.3,87
07/21/2021,3,11.7,49
07/22/2021,3,4,17
07/23/2021,3,5.5,23
07/24/2021,3,3.7,15
07/25/2021,3,5.6,23
07/26/2021,3,41.1,115
07/27/2021,3,18.6,65
07/29/2021,3,1.8,8
07/30/2021,3,1.2,5
07/31/2021,3,0.3,1
08/01/2021,3,1.4,6
08/02/2021,3,2.8,12
08/03/2021,3,5.1,21
08/04/2021,3,5.2,22
08/05/2021,3,-2.3,0
08/06/2021,3,7.5,31
08/07/2021,3,11.2,47
08/08/2021,3,12,50
08/09/2021,3,11.1,46
08/10/2021,3,1.5,6
08/11/2021,3,6.2,26
08/12/2021,3,5.7,24
08/13/2021,3,5.2,22
08/14/2021,3,6,25
08/15/2021,3,1.2,5
08/16/2021,3,4.1,17
08/17/2021,3,4.9,20
08/18/2021,3,3.1,13
08/19/2021,3,1.1,5
08/20/2021,3,0.4,2
08/21/2021,3,1.7,7
08/22/2021,3,-1.3,0
08/23/2021,3,2,8
08/24/2021,3,1.3,5
08/25/2021,3,13.4,54
08/26/2021,3,12.9,53
08/27/2021,3,10.6,44
08/28/2021,3,-0.9,0
08/29/2021,3,0.9,4
08/30/2021,3,4.1,17
08/31/2021,3,5.3,22
09/01/2021,3,4,17
09/02/2021,3,-0.1,0
09/03/2021,3,0,0
09/04/2021,3,1,4
09/05/2021,3,3.5,15
09/06/2021,3,1.7,7
09/07/2021,3,1.2,5
09/08/2021,3,4.8,20
09/09/2021,3,1.3,5
09/10/2021,3,0,0
09/11/2021,3,2.4,10
09/12/2021,3,6.3,26
09/13/2021,3,4.2,18
09/14/2021,3,1.5,6
09/15/2021,3,7.6,32
09/16/2021,3,1.5,6
09/17/2021,3,1.6,7
09/18/2021,3,3.3,14
09/19/2021,3,1.1,5
09/20/2021,3,2.9,12
09/21/2021,3,4.7,20
09/22/2021,3,2.2,9
09/23/2021,3,0.8,3
09/24/2021,3,0.9,4
09/25/2021,3,2.5,10
09/26/2021,3,0.9,4
09/27/2021,3,3.8,16
09/28/2021,3,4.1,17
09/29/2021,3,1.5,6
09/30/2021,3,0.1,0
10/01/2021,3,1.8,8
10/02/2021,3,4.2,18
10/03/2021,3,3.3,14
10/04/2021,3,-1.2,0
10/05/2021,3,-0.6,0
10/06/2021,3,4.2,18
10/07/2021,3,3.3,14
10/08/2021,3,4.5,19
10/09/2021,3,2.3,10
10/10/2021,3,0.5,2
10/11/2021,3,0,0
10/12/2021,3,2.2,9
10/13/2021,3,4.5,19
10/14/2021,3,3.7,15
10/15/2021,3,6.9,29
10/16/2021,3,6.6,28
10/17/2021,3,2.7,11
10/18/2021,3,2.5,10
10/19/2021,3,3,13
10/20/2021,3,7.2,30
10/21/2021,3,7.9,33
10/22/2021,3,9.3,39
10/23/2021,3,3.7,15
10/24/2021,3,4.8,20
10/25/2021,3,5.3,22
10/26/2021,3,5.3,22
10/27/2021,3,4.1,17
10/28/2021,3,5.6,23
10/29/2021,3,6.9,29
10/30/2021,3,6,25
10/31/2021,3,3.5,15
11/01/2021,3,3.5,15
11/02/2021,3,4.4,18
11/03/2021,3,4.3,18
11/04/2021,3,5.4,23
11/05/2021,3,6.4,27
11/06/2021,3,8.9,37
11/07/2021,3,12,50
11/08/2021,3,13.2,53
11/09/2021,3,12.8,52
11/10/2021,3,9.3,39
11/11/2021,3,5.6,23
11/12/2021,3,5.4,23
11/13/2021,3,4.7,20
11/14/2021,3,4.7,20
11/15/2021,3,4.9,20
11/16/2021,3,2.8,12
11/17/2021,3,5.2,22
11/18/2021,3,13.4,54
11/19/2021,3,2.7,11
11/20/2021,3,3.7,15
11/21/2021,3,6.2,26
11/22/2021,3,4.5,19
11/23/2021,3,2.3,10
11/24/2021,3,3.1,13
11/25/2021,3,5.7,24
11/26/2021,3,6.3,26
11/27/2021,3,2,8
11/28/2021,3,5,21
11/29/2021,3,7,29
11/30/2021,3,5.5,23
12/01/2021,3,10.1,42
12/02/2021,3,9.5,40
12/03/2021,3,2.5,10
12/04/2021,3,7,29
12/05/2021,3,5.4,23
12/06/2021,3,9.7,40
12/07/2021,3,3.3,14
12/08/2021,3,7.6,32
12/09/2021,3,5.7,24
12/10/2021,3,10.4,43
12/11/2021,3,12.4,52
12/12/2021,3,2.7,11
12/13/2021,3,4.5,19
12/14/2021,3,4,17
12/15/2021,3,5.2,22
12/16/2021,3,7.7,32
12/17/2021,3,6.7,28
12/18/2021,3,4.9,20
12/19/2021,3,3.6,15
12/20/2021,3,6,25
12/21/2021,3,11.3,47
12/22/2021,3,10.7,45
12/23/2021,3,3,13
12/24/2021,3,6.9,29
12/25/2021,3,14.4,56
12/26/2021,3,4.2,18
12/27/2021,3,5.4,23
12/28/2021,3,8.1,34
12/29/2021,3,10,42
12/30/2021,3,12.5,52
12/31/2021,3,18.5,64