date,pm25,day,month,year,tempmax,tempmin,temp,feelslikemax,feelslikemin,feelslike,dew,humidity,precip,precipcover,snow,snowdepth,windgust,windspeed,winddir,sealevelpressure,cloudcover,visibility,flight_number,fuel_and_gas_total,special_fuel,gasoline,vehicle-miles,natural_gas,gasoline_sales,Population,Growth,GrowthRate
2014-01-31,1.810152520133754,0.6909462206020405,-1.5932550136313832,-1.5275252316519468,-1.5657055568422205,-1.6425753059963586,-1.619996975392566,-1.619303834026158,-1.6868902255211846,-1.658362269344028,-1.5726976870824982,-0.674317097711039,-0.1811634350217195,1.0609381617037363,-0.5111440026257816,-0.16577181397178678,1.142361562484416,0.7040764620547671,1.194993872541866,-0.33811247025252483,0.4983640416019491,-2.3986854622930696,-0.6327060270284257,-0.30943802314640767,-0.7413798205573381,-0.2438474073646263,-0.7771754025252873,1.561837489849496,-1.13548753655244,-1.8988660071489292,1.2986018874420626,1.3465143464552727
2014-02-28,1.9197953599593525,-2.994100289275509,-1.3035722838802226,-1.5275252316519468,-1.5376348840372858,-1.4840354332140242,-1.507343005586775,-1.541746773248308,-1.457705701894337,-1.5236722501253404,-1.5247868770290998,-1.0222615151255683,0.20408351705442176,0.6224357450510155,-0.5111440026257816,-0.16577181397178678,1.4525623550767695,0.24251715946062963,0.8568183031687823,0.05775560890085039,0.4311333719324167,-1.2798074149044354,-0.7821062991310339,-1.1471383535523265,-1.6223638504126443,-1.0443745953403565,-1.4532831518073757,1.0757758878548633,-0.7386435918329753,-1.8988660071489292,1.2986018874420626,1.3465143464552727
2014-03-31,1.11262730468755,0.6909462206020405,-1.013889554129062,-1.5275252316519468,-1.148244268973962,-1.2935648132202593,-1.235855900065097,-1.1625505615098743,-1.2881784847527318,-1.2485542960710254,-1.4518448013458904,-2.0786667833528565,0.4241251675695938,-0.12798972731187847,-0.5111440026257816,-0.16577181397178678,0.4273693425985881,0.5248922613943046,0.7563882573088162,-0.2339392029933182,0.7633372550391501,-0.1231682595334952,-0.028123617491702748,-0.06369820189598388,-1.0073809351828544,0.056372322094388104,-0.4251811619196639,0.8267523246870034,-0.7317394565134628,-1.8988660071489292,1.2986018874420626,1.3465143464552727
2014-04-30,-0.21859438568313627,-0.5374026160238093,-0.7242068243779014,-1.5275252316519468,-0.270279994936546,-0.3192314779617066,-0.3126380790667461,-0.2324310403068736,-0.30891300132794003,-0.27729631293979456,-0.41409045931125815,-0.7819846576717671,-0.22327761680077393,0.09601339123196305,-0.5111440026257816,-0.16577181397178678,0.44278283176316985,0.8007986003696136,-0.3925080653294134,0.3554289484398623,0.791569947473583,0.6633792018648149,0.11251826992519606,-0.3679261013327374,-1.798223158427858,-0.17564626678291703,-1.2598605740488402,0.2914528929668231,-0.4262314686250457,-1.8988660071489292,1.2986018874420626,1.3465143464552727
2014-05-31,-0.5845359583726417,0.6909462206020405,-0.43452409462674085,-1.5275252316519468,0.34885828062254975,0.35421025799285577,0.34978694400995924,0.3854391008548369,0.4304667301923335,0.4299370196632044,0.3121082329453624,0.10735986026207193,-0.4620812342841218,0.06557519160638622,-0.5111440026257816,-0.16577181397178678,-0.8391998324700388,-0.6286060303574234,-1.1262419988453551,-0.19876381404868323,1.2922065550296586,0.0009508606170254919,0.30837606079548024,0.5926218825128869,0.30855807695121795,0.605557626542819,-0.08189965004190247,-0.5825185846616467,-0.06376436435065193,-1.8988660071489292,1.2986018874420626,1.3465143464552727
2014-06-30,-0.5170048547116077,-0.5374026160238093,-0.14484136487558028,-1.5275252316519468,0.9788529488690249,0.9353498572408885,0.9883984185168923,0.9414145128429117,0.9745397047307427,0.9831224177293139,0.8443006112849861,-0.3766346028033216,-0.4985112933690706,-1.046902185552618,-0.5111440026257816,-0.16577181397178678,-1.5014284240900224,-1.1202053508777643,-0.6006367211809789,-0.34356916520419256,0.3285490043182804,0.46861944666565963,0.3868207236327036,0.37027315424640395,-0.5152917780689855,0.46663584835663746,-0.07667201280518529,-0.9799035031867489,-0.34812843782306296,-1.8988660071489292,1.2986018874420626,1.3465143464552727
2014-07-31,0.8060716367525936,0.6909462206020405,0.14484136487558028,-1.5275252316519468,1.3385294372067826,1.3269841846666646,1.330250764514363,1.3290851475432404,1.2810711509133694,1.2851884421459927,1.3406055053645751,0.6981078717188135,0.40979742028279875,-0.5980664793231869,-0.5111440026257816,-0.16577181397178678,-0.1516452372750909,-0.5961288939877156,-0.26800093867525526,-1.018620956374352,0.44522578199665785,0.7686506037702557,0.6865097996176297,0.5130343492156096,-0.7091278276329146,0.6459471177977552,0.3188858714397479,-0.5814658021181729,-0.4298273724372917,-1.8988660071489292,1.2986018874420626,1.3465143464552727
2014-08-31,0.9704565601380051,0.6909462206020405,0.43452409462674085,-1.5275252316519468,1.0948903924767737,1.1246323564081815,1.1213901990625406,1.0609367977598714,1.122690758261178,1.095233235669413,1.1238546070523112,0.5244644417404882,-1.0753557943795504,-1.1232863398778883,-0.5111440026257816,-0.16577181397178678,-2.5354906295355066,-1.6253181465312472,-0.4759089124562623,-0.052650659970777995,-0.5241884135052932,1.2789180977224042,0.6823210069418556,0.7075937823035984,-0.22760310284704582,0.7973486942924889,0.0731869213140405,-0.7052892258852161,-0.26240209093911854,-1.8988660071489292,1.2986018874420626,1.3465143464552727
2014-09-30,0.6582733002312963,-0.5374026160238093,0.7242068243779014,-1.5275252316519468,0.8486961967606741,0.811426379788155,0.83244181608087,0.8659621865326823,0.8508189478528349,0.8598578971513743,0.8991894489661454,0.7480707094777074,-1.6860936385619072,-1.5325795931819186,-0.5111440026257816,-0.16577181397178678,-2.244840105236548,-1.7705693391916357,-0.7550887072554019,1.201216665949124,-0.8568291314038273,1.252408705393958,0.2741041207209652,0.09141154913604463,-0.254027313194403,0.1310118183134789,-0.5436742726185866,-0.9226483294762848,-0.586752614803705,-1.8988660071489292,1.2986018874420626,1.3465143464552727
2014-10-31,0.3751165673367862,0.6909462206020405,1.013889554129062,-1.5275252316519468,0.170357592016812,0.27586854099736974,0.2224779421002793,0.24779168607611973,0.32672030784952194,0.3082328094723273,0.439021587878201,1.6276970510126303,1.4179071146258018,1.1161476277784688,-0.5111440026257816,-0.16577181397178678,-0.11896218433448551,-0.14144898481179063,-0.1401750931907896,-1.3284349590023847,0.7540021553787599,-0.5093166333351204,0.22168074571809587,0.37545751273686095,-0.3763171130519074,0.4549431559433103,-0.033108369165875465,-0.4991867971820605,-0.5588484012206768,-1.8988660071489292,1.2986018874420626,1.3465143464552727
2014-11-30,1.7784602916612517,-0.5374026160238093,1.3035722838802226,-1.5275252316519468,-0.6536845990042874,-0.6503335245304648,-0.6390411394218443,-0.6347364227184383,-0.6434395138570398,-0.6252455292547379,-0.6347509544187377,-0.3178713538558352,0.9890611966548198,0.34060061599741787,-0.5111440026257816,-0.16577181397178678,0.29143205203451755,-0.27658373614322335,1.118463876804105,-0.400887010522998,0.615340021192519,-0.6951888465975696,-0.22613927125556751,0.15284526573618917,0.05820390379632609,0.15884681546179372,-0.8189965004190247,-0.006322600291135002,-0.8831989250852633,-1.8988660071489292,1.2986018874420626,1.3465143464552727
2014-12-31,0.2673777999828344,0.6909462206020405,1.5932550136313832,-1.5275252316519468,-1.0298436106044304,-0.8249996622804324,-0.9151848198925991,-1.0252138632430734,-0.8307642865242008,-0.9220970970230399,-0.6540018565714718,1.252989843974448,1.8110980811519402,2.139115330913185,-0.5111440026257816,-0.16577181397178678,-0.7173444992840786,-0.3654292356373688,1.1612549790624012,1.1230190705259553,1.7051051938545647,-1.8148658971406129,-0.255587753097373,-0.4846638699696249,-0.2687672807357692,-0.4931960244742453,-0.25789677034471414,0.5247657012551498,-1.0304871452348576,-1.8988660071489292,1.2986018874420626,1.3465143464552727
2015-01-31,1.2048161468563956,0.6909462206020405,-1.5932550136313832,-1.091089451179962,-1.6776283676413828,-1.6893575635386866,-1.6757177269530346,-1.7684477597457606,-1.7383275273550156,-1.7332571679230293,-1.6240334261564555,-0.7618707726838969,-0.03812084325683412,0.7566888805106461,-0.5111440026257816,-0.16577181397178678,0.7340251479672268,0.7152754745960469,1.56242952002012,0.5818592406079697,0.10700794045486602,-1.4608965544891241,-0.5739359964562017,0.51502473221799,-0.24267821884989033,0.5899552509502761,-1.0228743526509947,1.801628959943816,-0.150497564302025,-1.222288113882669,0.6644608335964562,0.6697322665615228
2015-02-28,1.9640650449251145,-2.994100289275509,-1.3035722838802226,-1.091089451179962,-2.0161601675540077,-2.2412237751023527,-2.1038238985921693,-2.037461676955181,-2.295845191319483,-2.16061324027265,-1.9842111847534731,-0.5167064066063611,0.1629961012401824,1.9694580825719261,-0.5111440026257816,-0.16577181397178678,0.9937747199488881,0.7793898213948685,1.9629129138337853,0.18507312245744711,0.6517520390436731,-2.852475473002122,-0.9539737319491576,-0.7751814620507873,0.5047398202316172,-0.9053512842844812,-1.6223100891278979,1.8159629991895756,-0.06045613284338537,-1.222288113882669,0.6644608335964562,0.6697322665615228
2015-03-31,1.2725693923057881,0.6909462206020405,-1.013889554129062,-1.091089451179962,-1.2212999943509073,-1.271658835482185,-1.2472952596569815,-1.238986823441171,-1.251852706621495,-1.2530842294528197,-1.341330363061677,-1.2221609932003703,-0.4700671917882371,0.3144822916620637,-0.5111440026257816,-0.16577181397178678,1.5781356016924815,0.7141555733419176,1.485275673044436,0.4560395801520646,0.09839092538373749,-0.6748087935358155,-0.03624733662047669,0.4241777584927533,1.3169299639311545,0.2967828589609986,-0.4269237076652363,1.1380520244649721,0.3491892294476758,-1.222288113882669,0.6644608335964562,0.6697322665615228
2015-04-30,-0.26450368861059376,-0.5374026160238093,-0.7242068243779014,-1.091089451179962,-0.2769737707592612,-0.31232552565783905,-0.29814822358369286,-0.22986245047503592,-0.29419863946624714,-0.2554519675209192,-0.43803525427283774,-0.8271916323571098,-0.6919515404810042,-0.046953910039685985,-0.5111440026257816,-0.16577181397178678,1.4989027354895572,1.2046723226499358,-0.24700219088451378,-0.6693022861623448,0.44022312602480806,0.055348746608922174,0.09474763433100308,-0.2426852554176031,-0.7601961608291382,-0.1689584082260333,-1.148337646332207,-0.14472301312166272,0.8544856331444798,-1.222288113882669,0.6644608335964562,0.6697322665615228
2015-05-31,0.8016288009854204,0.6909462206020405,-0.43452409462674085,-1.091089451179962,0.7724375356406014,0.3931954726114627,0.5837402982439795,0.756123899570433,0.4685361456738696,0.622912181727647,0.4290396386138205,-0.41317629737398615,-1.3781175362267384,-1.4827450871457115,-0.5111440026257816,-0.16577181397178678,-0.2819739545567611,0.3636264807998881,-0.714500181816709,1.2840141199265431,0.16660896136350484,0.915754746170875,0.31078778991183503,0.7457736750799248,0.40945642160558443,0.7594146012439794,0.043563643639309826,-0.6225243213136542,0.5591900120828405,-1.222288113882669,0.6644608335964562,0.6697322665615228
2015-06-30,0.7730465575499396,-0.5374026160238093,-0.14484136487558028,-1.091089451179962,0.713333174567989,0.7569460893909782,0.7283436437947234,0.7012513635660959,0.8075767415654111,0.7506361700569973,0.8527733848867758,1.2491874057001726,0.97377043684547,0.5244353089035529,-0.5111440026257816,-0.16577181397178678,-1.1870524243230696,-0.8042812070882859,-1.8027046911656504,-0.43164292752335476,1.4994577355667853,-0.5621821845103429,0.4678040486976688,0.6019684337900513,0.7021730147774541,0.566640728054316,0.16728439157494973,-0.7922652606306736,0.7851566076443764,-1.222288113882669,0.6644608335964562,0.6697322665615228
2015-07-31,2.0989368450000176,0.6909462206020405,0.14484136487558028,-1.091089451179962,1.310098883981272,1.3310683500076614,1.3317268109133158,1.2955277642563299,1.2842678193889183,1.283376468793275,1.339892508988548,0.6701807831101058,-0.8928531773002139,-1.3721934399335656,-0.5111440026257816,-0.16577181397178678,-0.7492205632631866,-1.8627372124063601,-0.6004245268823649,-1.6233670663076871,0.13680845090918503,1.3202911377725761,0.8586310986585275,0.823056727533409,0.15792508266898483,0.8747611966298658,0.6168611939326272,-0.2038408021013498,0.8280197810863487,-1.222288113882669,0.6644608335964562,0.6697322665615228
2015-08-31,0.277374180458974,0.6909462206020405,0.43452409462674085,-1.091089451179962,1.3669599904322935,1.3418356949975623,1.3483323329015353,1.3020528110065626,1.2926953999153652,1.284282455469634,1.3612824002693635,0.8122373245612445,-0.8277911117519818,-1.1786948785466411,-0.5111440026257816,-0.16577181397178678,-0.5454558504853417,-1.5838818001285146,-0.36017814199273845,-0.6343974771325732,-0.6430314130279393,0.37790522551861283,0.8013842654229486,0.8886530729470473,0.2536013305740907,0.9341190267239023,0.26312440758143135,-0.17476780724695573,0.9518627083801003,-1.222288113882669,0.6644608335964562,0.6697322665615228
2015-09-30,-0.17727601304842516,-0.5374026160238093,0.7242068243779014,-1.091089451179962,1.0588063823070115,1.007862356431497,1.0356811048300145,1.0316362306862077,1.0267907039947133,1.0249387361025897,1.1169028923860462,0.9749783044234421,0.09661478682975136,-0.875478562924741,-0.5111440026257816,-0.16577181397178678,-0.5666393107246229,-1.0310985410909879,-0.9520347235700628,0.8824735261274055,-1.532439017209761,0.7583839604985476,0.46805791492044296,0.340057092529927,-0.042776327647082,0.3748876112839418,-0.3154007799486031,-0.6863391401026863,0.7533688179441228,-1.222288113882669,0.6644608335964562,0.6697322665615228
2015-10-31,-0.322408648109419,0.6909462206020405,1.013889554129062,-1.091089451179962,0.07822820434933449,0.0820563311791532,0.0804084762010713,0.14805168575113553,0.1267832250151957,0.16267095013733293,0.07895841798447323,-0.10969442721083221,-1.147934055225773,-0.8469072218475245,-0.5111440026257816,-0.16577181397178678,0.3240747555270482,-0.3643093343832407,0.07970063903199043,0.9728472177237169,0.1181382515884071,1.2513360710222854,0.47008884470263645,0.6660607246233554,0.3970704401137559,0.6743313918325639,0.23872876714341784,-0.3356815698533095,0.7233070620737457,-1.222288113882669,0.6644608335964562,0.6697322665615228
2015-11-30,-0.39764066710021895,-0.5374026160238093,1.3035722838802226,-1.091089451179962,-0.2743706357170942,-0.26551851559829276,-0.2554412811073247,-0.2247252708113606,-0.21221862337967243,-0.19616017281254314,-0.2136909445558844,0.04512261662274007,-0.8482570851988024,-0.8479822138552296,-0.5111440026257816,-0.16577181397178678,-0.6608687217953542,-0.751048567475407,0.6282695836922649,2.2245499043239487,-0.26395455835721343,0.886640384654087,0.06986874449913288,0.1400947326150918,-0.13171056325442926,0.16866797751588553,-0.46351716832225653,-0.2724336339723018,0.15731180202623005,-1.222288113882669,0.6644608335964562,0.6697322665615228
2015-12-31,-0.4734650641933101,0.6909462206020405,1.5932550136313832,-1.091089451179962,-0.5321289889477052,-0.4150979771476522,-0.49598764259000105,-0.4653027087707311,-0.3814870625970666,-0.43467626514195923,-0.22192605269899834,1.6079904360669715,0.37339084930815647,0.39742920583684266,-0.5111440026257816,-0.16577181397178678,-0.3207094247085912,-0.7002797106216085,0.18728314842877616,1.0756675854081297,1.555743599288338,-1.8838209638909036,-0.07051927669499174,-0.5410529944837573,-0.4661109871872526,-0.5298725228694492,-0.097582561752054,0.11037429548931581,0.37867564070809273,-1.222288113882669,0.6644608335964562,0.6697322665615228
2016-01-31,0.5883726841611033,0.6909462206020405,-1.5932550136313832,-0.6546536707079772,-1.2943557197278526,-1.2805697416807238,-1.295635779222686,-1.3337553595755016,-1.3018369773300766,-1.3403609459420591,-1.3306354174212691,-1.0962075713905408,-0.1964307067207631,-1.0956152493091822,1.5512749240009411,0.7304634829556065,0.7889003973489831,1.0131692081940653,1.4563748095733473,-0.9428585801858599,-0.0024999594073914573,0.37790522551861283,-0.2383248499487284,0.07792928378974781,0.6170864217134288,0.007753412980547293,-0.1986502149952528,1.2914343427218589,0.3057507113957447,-0.39322324388628377,1.1567282010607272,1.1397198220432936
2016-02-29,-0.13136671012096765,-1.7657514526496592,-1.3035722838802226,-0.6546536707079772,-1.0248301040557153,-1.2522494478428392,-1.148158384706625,-1.0018565530369863,-1.2682769687889701,-1.1653388991654636,-1.117584724439767,-0.541609063743974,0.32400102287804117,0.5423082904682994,1.4895558705989262,1.2655211738867387,1.2179541664121747,1.6296555399491586,0.9314529438914011,-0.4737756414078449,0.3308646207725,-0.2697968497496293,-0.4327863765937546,0.07181634679942503,0.6132318688925505,0.0015907942540313265,-0.7353543046315498,1.0276718239453646,0.47144995906403875,-0.39322324388628377,1.1567282010607272,1.1397198220432936
2016-03-31,-0.35350849847963106,0.6909462206020405,-1.013889554129062,-0.6546536707079772,-0.6274973004003678,-0.6490092648592931,-0.6594597812740247,-0.5939393447038885,-0.6662811631459614,-0.6602669475553219,-0.7081895811495378,-0.5429584329446857,-0.28991338573952247,0.2037979293872382,0.1306849207328806,-0.2932861972115409,0.6989211281421344,1.0971618022536573,-0.09217674284453116,0.024464615792507895,1.1801853591049878,-0.44495857103485,0.1545331297943238,0.2653787848208798,-0.13530356206980318,0.305267422847564,0.3032029597295964,0.4059632403877512,0.7491975695219167,-0.39322324388628377,1.1567282010607272,1.1397198220432936
2016-04-30,-0.5124139244188622,-0.5374026160238093,-0.7242068243779014,-0.6546536707079772,-0.33758962959829325,-0.3629691758862007,-0.36564044517581007,-0.2655016343917826,-0.3494525697224,-0.33003480402250795,-0.54449749648663,-1.3886424762613012,-0.34244845912443667,-0.275495883727172,0.35392976364024153,-0.1742222921009771,0.4502878291050886,0.8586601651662217,-0.5057816258149989,0.13873953321022148,-0.04097732531527734,0.8581389570639651,0.20479864190361252,0.28683161982281613,-0.10475737116014085,0.32477276158212587,-0.9113514249343615,-0.0021114701172394836,1.0534110320379257,-0.39322324388628377,1.1567282010607272,1.1397198220432936
2016-05-31,-0.77113506059392,0.6909462206020405,-0.43452409462674085,-0.6546536707079772,0.38592596394188683,0.33341814352959886,0.3350264800204311,0.40439280808170264,0.3897818586853486,0.38644965919797786,0.30889974925324004,0.24609442947951438,-0.4320164530921595,-0.12812244237455836,-0.5111440026257816,-0.4787524854232815,-1.0570868520740706,-0.8346678611169555,-1.6054616028329325,-0.7426294431161609,1.2150124616841336,-0.4541525799348879,0.5914368991886971,0.81910672123649,1.1491995609192394,0.7468807841748858,0.2753222278004381,-0.4020068700921639,0.9505681830076911,-0.39322324388628377,1.1567282010607272,1.1397198220432936
2016-06-30,-0.42059531856394816,-0.5374026160238093,-0.14484136487558028,-0.6546536707079772,1.0182718509361248,0.9238399367344425,0.973908563033839,0.9654950425163893,0.9655309117541963,0.9678313759361014,0.8100411354168799,-0.4726339698957476,-1.3555219741121538,-1.5325795931819186,-0.5111440026257816,-0.4787524854232815,-0.48658600574417826,0.049755489309644775,-0.35409240950851784,-1.564019871626691,-0.14857033293950644,1.4186670330029891,0.7657160611231756,0.9248098410732136,0.45601579869635267,0.9481759660698879,0.5645848215654553,-0.6483579852650517,2.0608394440767577,-0.39322324388628377,1.1567282010607272,1.1397198220432936
2016-07-31,0.08633224247052261,0.6909462206020405,0.14484136487558028,-0.6546536707079772,1.4986762243631404,1.4038407506290609,1.4472274416313737,1.3906070169025766,1.3412266394986974,1.3643112785480023,1.2678798750098021,-0.20265334514021263,-1.573068851768372,-1.1786948785466411,-0.5111440026257816,-0.4787524854232815,-0.3017451841134231,-0.8133897372885264,-0.519323865952481,-1.1863805036489556,-0.12995997400116682,0.9755158040211253,0.9212091225723642,0.8908816058524069,-0.13307223344688898,0.9847496392805525,0.7475521248505566,-0.34475169638169983,2.098668352181585,-0.39322324388628377,1.1567282010607272,1.1397198220432936
2016-08-31,-0.8200062540328256,0.6909462206020405,0.43452409462674085,-0.6546536707079772,1.493637898475075,1.4428259652476678,1.4800694740080735,1.4471574220712593,1.3717402931289362,1.4192744702471078,1.3958627245066817,0.20380966426754363,-1.0626722148141912,-1.455140354108345,-0.5111440026257816,-0.4787524854232815,0.543979247534821,-0.5087765961657393,-0.18384467984534364,0.08534509665826996,-1.0228981607468521,1.6099024181237944,1.0157742905557483,1.1172857399817246,0.8611232191263938,1.1068406535363935,0.5349615438907247,-0.35066347527966857,1.881619598074418,-0.39322324388628377,1.1567282010607272,1.1397198220432936
2016-09-30,-1.6050553340923437,-0.5374026160238093,0.7242068243779014,-0.6546536707079772,0.8602243662331275,0.9879118275536578,0.9186183250063982,0.8476609839808392,1.0027672560572556,0.9266391817176508,1.0439633631184648,1.3345977516951317,-1.2555252591684691,-0.503969287965606,-0.5111440026257816,-0.4787524854232815,-0.4632371251248818,-0.3587471581544056,-1.4763031771531774,1.3270363264050289,0.48177628759002766,0.7773849122252922,0.6168235214661157,0.5081564779172025,0.27198888812352523,0.518324780617419,-0.1237207479356399,-0.9050749593275286,1.8193385440463175,-0.39322324388628377,1.1567282010607272,1.1397198220432936
2016-10-31,-0.7267067029221865,0.6909462206020405,1.013889554129062,-0.6546536707079772,0.12645218070652958,0.17413569523071948,0.15568684254766443,0.18782339927636288,0.19507568790192048,0.21250021733707175,0.39338981981246135,1.7047780677572255,1.1435659862491405,0.6184661427297937,-0.5111440026257816,-0.4787524854232815,-0.3069906123631504,-0.4471820271887046,-0.20599776462053873,0.9999052092196375,-0.2344412817385992,-0.5047196288851002,0.5137538350197964,0.5107355367200399,-0.27683295669942815,0.5895522641042915,0.3450240576233338,-0.7648929145003527,1.7500095185462154,-0.39322324388628377,1.1567282010607272,1.1397198220432936
2016-11-30,0.6812279516950246,-0.5374026160238093,1.3035722838802226,-0.6546536707079772,-0.41122116364815997,-0.4132291620976808,-0.42626905101279666,-0.33934859205711365,-0.39089301741451477,-0.3796526743310963,-0.28773561820630744,0.768666937326627,-0.4601630386091139,-0.7406024566411274,-0.5111440026257816,-0.4787524854232815,-0.44030518880235814,-0.4906715258906722,1.4314462233722935,-0.3156092406584094,-0.08290149725161464,0.269109453534822,0.1437438153264209,0.33380018742249024,0.24496279260101833,0.3322139104624444,-0.008712728727861965,-0.1333853549611748,1.6647146801197408,-0.39322324388628377,1.1567282010607272,1.1397198220432936
2016-12-31,1.3125549142103474,0.6909462206020405,1.5932550136313832,-0.6546536707079772,-1.1518430731797231,-1.079331776697058,-1.1019046893601296,-1.204186574106597,-1.065283510139464,-1.1280580681152934,-1.045080368822382,-0.3433022712380913,-0.22884429894334826,-0.23854137452402407,0.33381176907591537,-0.22301698839533438,1.0410844478166135,1.1374782474022618,1.5633207360742947,0.5615657469860649,-0.48110333814965067,0.3411291899184561,-0.02786975126892856,0.9162624872567465,1.113339712082696,0.8569349194968846,0.10106765324319879,1.281959299830594,1.407679475620399,-0.39322324388628377,1.1567282010607272,1.1397198220432936
2017-01-31,0.8593856659586734,0.6909462206020405,-1.5932550136313832,-0.2182178902359924,-1.176674822199473,-1.0306930803633676,-1.102273700959868,-1.2104009043449138,-1.058018354513217,-1.129568045909225,-0.9085415628131762,0.7040761608166414,0.23199242526470668,1.862669855351481,0.8614224007145327,0.2824972767522897,1.0475403595085842,1.2371494590196448,0.6639564208329966,-0.3584059638744773,-0.3870342569564985,-0.826509940386455,-0.05465263777160514,-0.41491123795029516,-1.4928092757602507,-0.26478467402515016,-0.33805387464104425,1.4282150901008883,0.4494430277330932,0.3102901757750711,0.7514156736366296,0.7073312710000645
2017-02-28,1.3787214326000352,-2.994100289275509,-1.3035722838802226,-0.2182178902359924,-0.9746405246624917,-1.0811882154884203,-1.0391463594332253,-0.9748223032212939,-1.099606181076607,-1.0722967452965382,-0.9647154915816037,-0.0352134771116195,-0.4496744788759435,0.6223622777841752,2.3420187264791834,3.6322486340921025,1.048722021916491,1.3026236859127651,1.0915127758025562,-1.6348183948514354,-0.7574248526849896,-1.010061760926514,-0.44014849705420594,-1.0638090365680422,-1.5927457097787867,-0.9575097576057899,-1.3243347666350187,0.8240798766920313,0.6007586601524033,0.3102901757750711,0.7514156736366296,0.7073312710000645
2017-03-31,0.5617156695580635,0.6909462206020405,-1.013889554129062,-0.2182178902359924,-1.1543622361237558,-1.2014854491686926,-1.1830872413025342,-1.2066723062019236,-1.278588479326085,-1.2464403271595212,-1.3163754899007254,-1.3194553664177968,-0.27065313528842133,0.09317992464375247,0.8140477683533776,0.32368957157558315,2.2729530975408956,2.105072930968761,0.6648476368871725,0.8957319419604309,-1.1604113595902776,-0.15994429513364938,0.28222783984973915,0.29127647688351577,-0.16179238351231134,0.3367140522945634,-0.2247884011788387,1.5250710841004853,0.9767463627608427,0.3102901757750711,0.7514156736366296,0.7073312710000645
2017-04-30,-0.4022315973929654,-0.5374026160238093,-0.7242068243779014,-0.2182178902359924,-0.019635278019322303,-0.10131031637299895,-0.08385088722906053,0.009337477614841092,-0.10711603865329453,-0.06977503146047856,-0.0029767488939839537,0.857626350832277,1.4358911777502643,1.2388603985674933,-0.43536622310015327,-0.4057236620845994,0.3952511819310314,0.7151634844706343,-1.011236932883087,0.10798361620986476,-0.1838163181957197,-1.7022392881151402,0.39075565008570345,-0.08701604237980724,-0.9434270074274852,0.023058340772820356,-0.5715550045477449,0.015542883304091728,1.0187465192878755,0.3102901757750711,0.7514156736366296,0.7073312710000645
2017-05-31,-0.8733202832389054,0.6909462206020405,-0.43452409462674085,-0.2182178902359924,0.1466054842587906,0.3055715616591656,0.22432300009897027,0.19061984788360564,0.3424130440022161,0.2837711692106375,0.40051978357273316,1.4921155401864954,-0.02120940383635523,1.0332007136036898,-0.5111440026257816,-0.4787524854232815,-0.7072571372653738,-0.2814366415777768,-1.5330184692864564,-1.558427886717544,0.22692806686140374,-0.6702117890857978,0.685494334726533,0.8707740324029526,1.2039033911378076,0.7962096049105145,0.766720128051853,-0.5208903142321374,1.3964602557261914,0.3102901757750711,0.7514156736366296,0.7073312710000645
2017-06-30,-0.14054857070645954,-0.5374026160238093,-0.14484136487558028,-0.2182178902359924,1.1030596780238504,0.984458851401724,1.051696208258652,1.0810815849490814,0.9949596354775818,1.0336764742701399,0.971023833850884,0.14688194574071184,0.7016919964283087,0.4101300373352845,-0.5111440026257816,-0.4787524854232815,0.01875048194487907,0.33674885070081967,-0.027954016426323655,-1.5682138603085514,-1.1569765216383139,0.22160707421795564,0.7729512484722398,1.2403093104103486,1.0794126678786367,1.2133202029186116,0.7946008599810112,-0.7123347705992337,1.784674031296267,0.3102901757750711,0.7514156736366296,0.7073312710000645
2017-07-31,-0.029181487475982242,0.6909462206020405,0.14484136487558028,-0.2182178902359924,1.2122114095845773,1.2471573166380885,1.2354147833816451,1.186776985085786,1.2185908125276423,1.1924758055986004,1.2789313188382236,0.945960783121076,0.25970839542604707,-0.4875148321110413,-0.5111440026257816,-0.4787524854232815,-0.5571571904270397,-1.0228112718104416,-1.1547609125789409,-0.7750990329112561,-1.6652248258405524,0.9801128084711455,0.9416453535056862,0.6062726920315319,-0.6652831530801205,0.7418068114742087,1.3225922208894463,-0.579522203576375,1.30886403885988,0.3102901757750711,0.7514156736366296,0.7073312710000645
2017-08-31,0.23738865855441463,0.6909462206020405,0.43452409462674085,-0.2182178902359924,1.1845006172002186,1.2063156632281193,1.1955615306099192,1.142965956905653,1.186624127772154,1.1553303518678857,1.2005017174752333,0.6418032575883572,-1.2731256831579307,-1.5105488927770976,-0.5111440026257816,-0.4787524854232815,-1.5925240280269437,-1.283748264022241,-0.18078908194531712,0.00281822259580945,-2.301806814220167,1.384649200072849,1.0979000136231973,0.9804297350585152,0.8891361022839336,0.9546209125129814,1.090833636728318,-0.5393545003792177,0.257277928006668,0.3102901757750711,0.7514156736366296,0.7073312710000645
2017-09-30,0.14408910744377554,-0.5374026160238093,0.7242068243779014,-0.2182178902359924,0.86952127709801,0.9203869605825087,0.8869694301355188,0.8643568178877835,0.962828273861232,0.9026104017568876,1.0841169423617296,1.8933140681730527,0.16408829836942204,0.35321739462282964,-0.5111440026257816,-0.4787524854232815,0.8397138022912093,-1.0588720921933603,-1.4011821515582066,-0.09612383297424273,-1.137312971969058,-2.0680076088550114,0.5699852033642785,0.3136549174754106,-0.11453230427733903,0.35514147121650397,0.447834256612105,-0.7982580228012172,-0.2573678256019742,0.3102901757750711,0.7514156736366296,0.7073312710000645
2017-10-31,-0.14913805318966122,0.6909462206020405,1.013889554129062,-0.2182178902359924,0.5291583713311683,0.5517353453937973,0.5508982658672794,0.5569546154323799,0.5937874286703732,0.6008665059362476,0.6828663484794979,1.19612218370269,0.3966440785113154,0.06564154913772599,-0.5111440026257816,-0.4787524854232815,0.7521823996008975,0.5360912739355832,-0.48673082168552506,1.063491489234987,-1.6939482094109806,0.44686029226890095,0.7169737463505319,0.7411168693622294,0.5797436273133134,0.7331231880242767,1.2197820219006752,-0.655646479796794,0.12494866771601632,0.3102901757750711,0.7514156736366296,0.7073312710000645
2017-11-30,0.8005921393064134,-0.5374026160238093,1.3035722838802226,-0.2182178902359924,-0.5651780075706091,-0.5839596496099606,-0.5452383907683932,-0.5403407463984062,-0.562660670167338,-0.5241374161730862,-0.47045282283620704,0.06688247316368814,-1.0026209461312863,-0.7337455117360124,-0.5111440026257816,-0.4787524854232815,0.8834929534523892,0.44437136122250964,0.9329636209566285,1.0334571186745678,-1.2794099441072635,1.4091665571396168,0.3538181146720595,0.41265801007330505,0.5331496988347639,0.3819821613227005,0.10106765324319879,0.2873227460655025,0.30704523676815276,0.3102901757750711,0.7514156736366296,0.7073312710000645
2017-12-31,2.352178483728894,0.6909462206020405,1.5932550136313832,-0.2182178902359924,-1.4674582020249494,-1.334035178871956,-1.4137194911389108,-1.4975029613551492,-1.3506588231384586,-1.439113493665178,-1.3288529264812012,-0.42150938026529344,-0.7235039019923608,-0.1555944603492451,0.7978235791885985,0.3977953176547435,0.5205765676514248,0.4397797660805845,1.5419315507741045,0.18681256476793695,-0.8756908199484087,0.2491891009180694,0.2001021167822901,0.6049214053816376,0.7875325638049515,0.5592075915260395,0.4704873513045461,1.9052875488397056,0.052311410708647726,0.3102901757750711,0.7514156736366296,0.7073312710000645
2018-01-31,2.3566213194960675,0.6909462206020405,-1.5932550136313832,0.2182178902359924,-1.5048857657648622,-1.5297038274815349,-1.5111385534697963,-1.5649284444408864,-1.5938962335052187,-1.579541428500805,-1.3912401093835796,-0.19657244681412403,0.3170193845732261,-0.15552810281790533,1.8465551667999212,2.0759774856762743,1.9098080648675075,1.7915005798129502,1.2758399003134158,1.505889650192893,0.45168854330000463,-0.6472267668357018,-0.031170012164992975,-0.33456624684742003,0.2248469746347648,-0.3916202499275534,-0.700503389720102,2.1701028501596737,0.06266761368791716,0.6079100216998181,-0.5589136757845353,-0.5710348799103517
2018-02-28,1.526287049152576,-2.994100289275509,-1.3035722838802226,0.2182178902359924,-0.8551088135425778,-1.0096622809126496,-0.9120877582519392,-0.8702440029250484,-0.99600506184632,-0.9134794380419596,-0.7353980321418608,0.7115867941658274,0.15233417688332296,0.9898455465204491,1.0530300747505743,0.1299949205498758,-0.26063197862861565,0.10736907597141072,0.7575841237488563,2.533706784301374,0.9427301729633856,-0.9082709481046574,1.1590817733117762,-0.49943812232286383,-1.8001715111848438,-0.31832303806130924,-1.1431100090954898,1.5718794156487854,0.11818836854899416,0.6079100216998181,-0.5589136757845353,-0.5710348799103517
2018-03-31,0.36623089580243895,0.6909462206020405,-1.013889554129062,0.2182178902359924,-1.0787873478027779,-0.893687897560835,-1.0089137662261027,-1.1895828980465524,-0.9734519430236981,-1.0915166055021517,-0.9413393961104267,-0.14150653419453788,-0.5623754652916855,0.5078481379863087,5.369800085823358,3.1240588890111023,2.790233021860098,2.756855460871193,-0.6115010692699631,-1.899358579565783,1.2746134825927715,-0.4771376021849839,0.25696815068370765,0.28964593489632295,0.48132918192654217,0.25476048482162705,0.20910548946868715,1.3208312706665526,-0.22529236359674115,0.6079100216998181,-0.5589136757845353,-0.5710348799103517
2018-04-30,0.7041826031587538,-0.5374026160238093,-0.7242068243779014,0.2182178902359924,-0.47072139318340617,-0.48459066923764493,-0.4956678325368946,-0.42154346667591713,-0.48548534366825485,-0.47358335963226034,-0.5139218352279977,-0.22641013866232448,0.7669811137095005,0.9529943654732458,-0.5111440026257816,-0.4787524854232815,0.5924658343047311,0.8922198727482533,-0.11188959318567795,-0.4987467464331676,0.6928811887561865,-0.8946988397284072,0.7077076292192742,-0.19709389824221557,-0.5190274741158961,-0.14948020810322662,-0.44086407362981544,0.04129556398291432,0.01505784721378,0.6079100216998181,-0.5589136757845353,-0.5710348799103517
2018-05-31,1.2281410346340547,0.6909462206020405,-0.43452409462674085,0.2182178902359924,0.6947033647961672,0.44888863635232945,0.546101115070683,0.6772019055438098,0.5243325408834489,0.5963365725544532,0.6236876492692415,1.076587487903733,-0.9861009752159108,-0.29381719813009705,-0.5111440026257816,-0.4787524854232815,-0.8129726912214043,-0.18848483748516126,-1.5926026283369847,0.19087126349231792,1.1449992142312138,-0.205914339633844,1.067182200667521,1.0033318438208925,1.5818085039676575,0.8931502338008954,0.9235492451533683,-1.233543112891379,0.49388839885245284,0.6079100216998181,-0.5589136757845353,-0.5710348799103517
2018-06-30,0.9015926057468193,-0.5374026160238093,-0.14484136487558028,0.2182178902359924,0.9331121474138041,0.937268177325296,0.9495045959044861,0.9073806975710633,0.9556212394799949,0.9506679616784135,0.9194504293182512,0.34440791621270345,-0.34657453716822967,-0.6467308808901021,-0.5111440026257816,-0.4787524854232815,-1.5468753524382952,-0.7834510437615063,-0.8734931258814503,-1.218714803486524,0.9908025167639646,0.7821351501569795,1.1160514485515516,0.9246099426110425,1.097885567355891,0.8679332080665697,0.8503623238393277,-1.2618062750200238,0.636717698274863,0.6079100216998181,-0.5589136757845353,-0.5710348799103517
2018-07-31,0.8460571586571529,0.6909462206020405,0.14484136487558028,0.2182178902359924,1.4482929654824885,1.4866379207238163,1.4785934276091208,1.4723254595364423,1.4060318276848234,1.4286363325694833,1.4300865505559865,0.384716389468696,0.3989928895419376,-0.5703290312231407,-0.5111440026257816,-0.4787524854232815,-1.2628690372556584,-0.6375652403904469,-1.1006513664326294,0.9079080381335738,-0.24880297352381286,0.2767711276181857,1.2061739576363875,0.8826727673773918,-0.21864461902311896,0.9864975381862362,1.343502769836315,-0.644389804908881,0.46526500450697544,0.6079100216998181,-0.5589136757845353,-0.5710348799103517
2018-08-31,0.2907026877604934,0.6909462206020405,0.43452409462674085,0.2182178902359924,1.5123516803450319,1.5816875868415623,1.539849353165662,1.5506260205392344,1.487982783148893,1.4990012977666904,1.6297255358435982,1.3023126859527292,0.45348530545236976,0.1483893907184857,-0.5111440026257816,-0.4787524854232815,-1.3988466772678037,-1.7496271857394434,-1.2246577145420603,-0.15005942935601638,0.47825767310265027,-1.120718225187691,1.3178750956570293,1.2219009729863466,1.5788467590070472,1.1310478213732935,0.9322619738812302,-0.46557873906347125,0.6423273082219675,0.6079100216998181,-0.5589136757845353,-0.5710348799103517
2018-09-30,-0.09923019807174747,-0.5374026160238093,0.7242068243779014,0.2182178902359924,0.9267902480256844,1.1060803447531684,1.0078453298230958,0.9529731670861811,1.1081701338828518,1.019633680786577,1.1740020188328897,1.5001239331363163,0.8541141735754785,0.1530631728425204,-0.5111440026257816,-0.4787524854232815,-1.0794807957555954,-0.9767086701821768,-1.9099264702547942,2.402095425189512,1.6189230750667918,-0.144161246521918,0.8875718480547846,0.3255951542721565,0.22012414543894346,0.3263939274786288,0.4983680832337044,-1.000473254420777,0.17903106105219624,0.6079100216998181,-0.5589136757845353,-0.5710348799103517
2018-10-31,0.04634672056596328,0.6909462206020405,1.013889554129062,0.2182178902359924,0.10090067084562741,0.14443267456892403,0.10365620698457806,0.14774096923921964,0.18839174472577302,0.15481906560888942,0.22761816238614102,0.7597051195775303,0.07438720510996401,0.7843599710793521,-0.5111440026257816,-0.4787524854232815,-0.2396070340781986,0.043334722119311206,0.40575839828071175,-0.045886162096809735,1.0028184655575954,-0.29325742418421047,1.0577891504248762,1.0945467448762647,1.009933973217043,1.0635761494447005,0.9880234377395468,-0.6978387648083241,0.3267507896592604,0.6079100216998181,-0.5589136757845353,-0.5710348799103517
2018-11-30,0.49299980969245,-0.5374026160238093,1.3035722838802226,0.2182178902359924,-0.7038879176746514,-0.5356179834828881,-0.6150184842788872,-0.708904454112749,-0.5632612563657744,-0.6277420258740379,-0.5514967442446302,0.04477352801512958,3.18728995210373,2.381638836453972,0.025335852422914897,-0.26310880279320165,1.2002316375677258,1.351640697233319,0.47934313715372256,0.07582970298222126,0.9722519982080641,-1.8494966639974266,0.5251778150446348,0.36355493279894163,0.5370073612805423,0.32813881098300635,0.7963434057265836,0.4450781610414346,0.1564487851112918,0.6079100216998181,-0.5589136757845353,-0.5710348799103517
2018-12-31,0.8016288009854204,0.6909462206020405,1.5932550136313832,0.2182178902359924,-0.9981741335937349,-0.9512375000930642,-0.9668464438559474,-0.9963172276349003,-0.9481692014443573,-0.9574305774010367,-1.013708528277186,-1.020759388455731,-0.6105260914194383,-0.37676411230487605,-0.5111440026257816,-0.4787524854232815,-0.1470722998266118,-0.25119930771632415,1.2114177112545124,0.8443217581182244,0.4857975612898871,0.33653218546843844,0.39139031564263893,0.5798778897935858,0.4811546974182468,0.5701895969286714,1.4201747826415003,1.0999898863547626,0.051736066098688895,0.6079100216998181,-0.5589136757845353,-0.5710348799103517
2019-01-31,0.49507313305046424,0.6909462206020405,-1.5932550136313832,0.6546536707079772,-1.3537359891229066,-1.4283422694731571,-1.365378971573206,-1.4021129921969864,-1.4837564742113094,-1.4185777956677095,-1.4750171835667736,-1.665897657162489,0.10938448946623337,-0.23860773205536384,0.4629563148275574,0.1948626887458711,0.9026858409199793,1.3032236330131894,1.1333726482246549,-0.07429705316752412,-0.6538026818668504,-0.2105113440838642,0.06402982137532662,-0.015399197654565802,-0.5935617278376447,0.05726772397366505,0.2247884011788387,2.2465510594703924,-0.5627319773379021,0.7366512054237412,-1.10409763998378,-1.097420942049935
2019-02-28,0.5572728337908903,-2.994100289275509,-1.3035722838802226,0.6546536707079772,-1.2077273613463237,-1.2073862724698083,-1.2127794960957545,-1.2548444625671613,-1.2283032235987021,-1.2485003682926705,-1.3771711630351862,-1.7196283460755524,0.12684957720107345,0.5611640445060232,1.070992569897294,0.748131746666578,0.5711718934338155,0.5388510305975419,1.1249197367720494,1.2680209142387697,-0.8870134751683585,-0.8675546229759122,-0.10796454455418411,-0.8789899662229467,-1.3901218602465704,-0.7819213026172304,-0.4234386161740915,1.4393097984436516,-0.6989448137457793,0.7366512054237412,-1.10409763998378,-1.097420942049935
2019-03-31,0.2418314943215878,0.6909462206020405,-1.013889554129062,0.6546536707079772,-0.8452249548488989,-0.8873760056702035,-0.873117497522444,-0.8425125542365599,-0.8865606817337801,-0.8825356788220353,-1.1063980571607197,-1.9544588045810734,-0.37916820490316194,-0.33475979496676805,1.7608914480098876,3.531640492446485,0.7243412804292697,1.107240913540809,0.6630652047788228,0.8984377411100182,-1.389480343564442,0.5985614391195404,0.5743009291514396,0.29507201078164813,0.1801703026641978,0.29820440529103515,0.8259666834013143,1.1092219794283027,-0.6139376476242854,0.7366512054237412,-1.10409763998378,-1.097420942049935
2019-04-30,-1.2056443986234662,-0.5374026160238093,-0.7242068243779014,0.6546536707079772,-0.06202919156318516,-0.09440436406913151,-0.11893158997750586,0.0009895606613689405,-0.10771662485173099,-0.08444194909886628,-0.20927036702451585,-0.38984178845785483,1.902380707172016,1.6672137467900316,-0.5111440026257816,-0.4787524854232815,1.1148970381614862,1.6247472830733083,-0.08636686294850829,-0.3198032293402697,0.22986024560088464,-0.2106645775655314,0.7796787033757557,0.1429857884030074,-0.22552794649690291,0.18350655195758356,0.23872876714341784,-0.3608673676241077,0.05461278914848567,0.7366512054237412,-1.10409763998378,-1.097420942049935
2019-05-31,-1.3620322176279651,0.6909462206020405,-0.43452409462674085,0.6546536707079772,0.29271693501268087,0.3271062516389675,0.29997037804530186,0.34038520662704014,0.3979188329867457,0.3740678412877397,0.3195946948936478,0.2789200195175698,-0.08063432291109414,0.867306885254131,-0.5111440026257816,-0.4787524854232815,-0.9045659383512479,-0.21648236883835897,-1.523724359007208,-0.6438677741561765,0.11885633617766715,0.26757711871814777,1.038622250605425,0.8618000065565805,1.1430497594080515,0.7940441160010921,1.4166896911503555,-0.9980437562435296,0.3058945475482338,0.7366512054237412,-1.10409763998378,-1.097420942049935
2019-06-30,-1.1367804442322804,-0.5374026160238093,-0.14484136487558028,0.6546536707079772,0.9323683945446138,0.9748672509796859,0.9700954431698774,0.8980695594306523,1.0054698939502196,0.9647107551619761,0.9153982332478302,0.2724374816106838,0.9681880959626912,0.4102671762333874,-0.5111440026257816,-0.4787524854232815,0.13924738371231973,-0.7070737782299856,-0.8281047654081315,-1.6045617622180075,-0.6991497236786646,-1.075207881132503,0.9733786313524594,0.6333722324727187,0.6614186163478165,0.6058496466207377,1.4916191582099685,-1.3625494661032167,0.24088060662282693,0.7366512054237412,-1.10409763998378,-1.097420942049935
2019-07-31,0.2329458227872415,0.6909462206020405,0.14484136487558028,0.6546536707079772,1.641548751331846,1.6076777299206335,1.6324712646999513,1.6127693229224018,1.5065815815520862,1.5615143784354533,1.419035106727565,-0.607427216124058,0.9566006282116224,-0.9574588690596699,-0.5111440026257816,-0.4787524854232815,-0.8299194594128296,-1.1739979411177064,-0.21070847804974843,-1.1349703198067016,-1.74421413065923,1.274321093272384,1.1171938465540354,1.0087719914797793,0.41919887641826825,1.0440113642272462,2.2234883713503732,-0.6090810980662186,0.3657303869840073,0.7366512054237412,-1.10409763998378,-1.097420942049935
2019-08-31,-0.891091626307598,0.6909462206020405,0.43452409462674085,0.6546536707079772,1.3147773294487612,1.353716903262281,1.3597716924934193,1.2647668295766619,1.301994799116962,1.2960602822622993,1.2136921504317364,-0.26875496212936917,-1.401370765429897,-1.3721934399335656,-0.5111440026257816,-0.4787524854232815,-1.8979693499533372,-1.3139855978836927,-0.5277267601775556,-0.7710403341868752,-1.7280572274008639,0.6307404702696744,1.3009929918425458,1.1624933539462694,1.465775269409585,1.080584305126165,1.7233777423710968,-0.970347477022909,0.375798917658296,0.7366512054237412,-1.10409763998378,-1.097420942049935
2019-09-30,-1.2102353289162116,-0.5374026160238093,0.7242068243779014,0.6546536707079772,0.9654653972235945,0.9261419208357317,0.9491232839180895,0.9337087433473991,0.9613268083651411,0.952852396220301,0.8299337343080385,-0.48182663656278,-0.8176755655801028,-1.7611215668694042,-0.5111440026257816,-0.4787524854232815,-1.0536302493556624,-1.0646582486730207,-0.24831779553591424,1.0712030168113107,-2.053708588630594,1.7179320226992494,0.9530693335305246,0.24266214599792318,0.14732678998095905,0.24534317115675014,1.197128927208234,-1.3167939170983904,0.012324960316473586,0.7366512054237412,-1.10409763998378,-1.097420942049935
2019-10-31,-0.7355923744565338,0.6909462206020405,1.013889554129062,0.6546536707079772,0.2239797746826486,0.3872548684791037,0.3158378768340446,0.29191343076816917,0.4853913067267634,0.4175552017529664,0.41798819478539917,0.6534583127133609,0.48918723311782575,1.5309485561837042,-0.5111440026257816,-0.4787524854232815,0.6230641657614708,0.9291766141344734,-1.5870006988536023,0.7442071895833987,-0.4462762355705065,-0.4909286155350421,1.0459843710658765,0.9112413613396033,1.5308445159625332,0.7994255734806723,1.742545745572393,-0.9407075992604906,0.25742176415915835,0.7366512054237412,-1.10409763998378,-1.097420942049935
2019-11-30,0.18081654978574116,-0.5374026160238093,1.3035722838802226,0.6546536707079772,-0.6239344842366645,-0.632301315737033,-0.635609331544279,-0.5894650269323004,-0.6539497723296777,-0.6330470811900505,-0.7817351573367417,-1.3857915859658276,-0.03056550110833281,0.3816737159790573,-0.5111440026257816,-0.4787524854232815,0.359810916705314,0.24995650350590803,1.6053691582874448,0.07163571430040862,-1.2968474315498115,0.37361468803192693,0.5623692166810529,0.2382637059705772,0.40206277013427116,0.20880383044381406,0.9270343366445131,0.5408003892249827,0.12178427236124013,0.7366512054237412,-1.10409763998378,-1.097420942049935
2019-12-31,-0.37868456782694687,0.6909462206020405,1.5932550136313832,0.6546536707079772,-1.0273244476603978,-0.9360147020038938,-0.974964699050188,-1.0177566669570934,-0.9565967819708042,-0.9852141688093758,-0.9235144867097472,-0.438851201417474,1.2112117439310566,2.4709693451436423,1.372808843188371,0.8251653764464136,0.9575610903017355,0.8910999714941265,1.0000721898359735,0.17869516731912735,-0.9844806352214053,-1.4930755856392581,0.49090587497011967,0.43439152740929543,1.4297381719537237,0.29381815947396517,1.1431100090954898,1.583621990172148,-0.0617506582157934,0.7366512054237412,-1.10409763998378,-1.097420942049935
2020-01-31,-0.923672421933535,0.6909462206020405,-1.5932550136313832,1.091089451179962,-0.9528292006011483,-0.9167077385737266,-0.9273622026839599,-0.9671098755148115,-0.916783729138969,-0.9287409993163386,-1.0821561803757955,-1.7548589474886083,-1.2895673603722855,-1.178761236077981,1.1171156219514515,0.41283858218579916,0.10336327455777791,0.5293718664108158,1.2082347967753158,0.7739709802288591,-0.44986665851680996,0.676710514769869,0.40306816189025146,-0.011983086338210765,-0.35769460606556025,0.031573274058254656,0.08189965004190247,1.6084838548526466,-0.3554640816000453,0.8653923891476641,-1.10409763998378,-1.097420942049935
2020-02-29,-0.31183776300821314,-1.7657514526496592,-1.3035722838802226,1.091089451179962,-0.9555841472690066,-0.937909549873698,-0.9414609907015435,-0.946388298478769,-0.9172446907373238,-0.9348433923318133,-1.1107252075807468,-1.6642298756611758,-0.03253229287362988,0.5718167981978983,0.35809210734320546,-0.14580580562057072,0.06373733382774772,-0.1037971323023182,0.551742222090625,-0.3566331989143716,-0.5127362023834631,-0.7218884597998088,0.22967753173548272,-0.8237386337885609,-1.8073174292057654,-0.669863217741495,-0.634286651388351,1.1450975691789895,-0.13985368901777612,0.8653923891476641,-1.10409763998378,-1.097420942049935
2020-03-31,-1.1265619219677818,0.6909462206020405,-1.013889554129062,1.091089451179962,-0.6415326368028351,-0.697276673434711,-0.6860286164551753,-0.616310933561829,-0.7107439155785951,-0.7034523124617621,-0.8165650303056695,-0.9976744966622442,-0.07264836540697885,0.5079144955176484,0.28708610428135156,-0.2620890915733113,0.8457931191344821,1.362578399481968,-0.6598813693537245,1.462596863799496,-0.7715685545056064,-0.012840152733032642,-0.1451559461906023,-1.843497033650407,-1.5112078897537753,-1.8149955070105857,-1.6013995401810293,0.1331305950828666,-1.8201476224040727,0.8653923891476641,-1.10409763998378,-1.097420942049935
2020-04-30,-1.8988748728280695,-0.5374026160238093,-0.7242068243779014,1.091089451179962,-0.5718717833933243,-0.4416202993469138,-0.5135894958975132,-0.5647423498008636,-0.4647651198221974,-0.5228891678634361,-0.5651268582996832,-0.4453468770676574,0.546114583130003,1.981673240138609,-0.07324232094228313,-0.3693135773057422,1.3759041679414783,1.9429858894546501,-0.44421132812945463,-2.3329177966350847,-0.08846665281838556,-0.31041957413094895,-2.778256408804455,-4.590316627255965,-3.3913337488571305,-4.565674818637151,-4.291890171344804,-0.29907713064944846,-4.105560249315122,0.8653923891476641,-1.10409763998378,-1.097420942049935
2020-05-31,-1.606388184822496,0.6909462206020405,-0.43452409462674085,1.091089451179962,0.3348229442200825,0.15260100525091777,0.26602131086938724,0.3897891320216585,0.1756050708235777,0.31366872953048064,0.08074090892454124,-0.817105599145873,-0.7782311990058556,-0.7915650407101115,-0.5111440026257816,-0.4787524854232815,0.545996719938562,0.7611914260152907,-0.21631040753313077,-0.12029563871050832,-0.9291881218483308,0.8284116616205085,-2.839565101604421,-4.589174633463549,-3.3913337488571305,-4.5644337656138685,-2.4848702331862325,-1.3126637701970698,-2.7654388165672943,0.8653923891476641,-1.10409763998378,-1.097420942049935
2020-06-30,-0.7649150905198772,-0.5374026160238093,-0.14484136487558028,1.091089451179962,1.0822345976865144,0.9468597777473341,1.0128023856462456,1.0415895162845785,0.9670323772502872,1.0043426389933645,0.9883377625154112,0.4107347516583816,-0.15968747283173168,-0.8182916424160812,-0.5111440026257816,-0.4787524854232815,-1.3521623658452357,-1.33776483451301,-0.8411292514569974,-0.5714425502521753,-0.9877957924084916,0.8771399087907122,-2.4706974799135293,-1.3815067547682802,0.12214055585780463,-1.5165698551744002,-1.1675056495335032,-1.3625494661032167,-1.2916935981564055,0.8653923891476641,-1.10409763998378,-1.097420942049935
2020-07-31,-0.6689498379489346,0.6909462206020405,0.14484136487558028,1.091089451179962,1.4047474345927826,1.4342863468074012,1.414385409254673,1.3943356150455668,1.3650563499527884,1.3600833407249944,1.4782138059378216,1.1626772429091978,-0.7857473943038463,-1.150891072915255,-0.5111440026257816,-0.4787524854232815,-0.5980446311428583,-0.8906629238233497,-0.9856844954441105,-1.1512051147042255,-1.0616747285669303,0.9893068173711834,-1.735627831870875,-0.8260638853629069,-1.8227916137374836,-0.6704609133575331,-0.048791280876027,-0.5601672014309705,-0.7485682863547737,0.8653923891476641,-1.10409763998378,-1.097420942049935
2020-08-31,0.45064477537873177,0.6909462206020405,0.43452409462674085,1.091089451179962,1.317296492392794,1.3514891767126458,1.3258226253175045,1.2588632158502606,1.3002511617666623,1.2703906597654644,1.2614629076255577,0.27559804728387594,-0.7298456917750407,-1.0681432313344952,-0.5111440026257816,-0.4787524854232815,-0.6026175685913375,-0.7932315147142229,-0.5091385396190578,-1.0632666423425903,-1.7535492303196194,1.6926484982241432,-1.8079797053615179,-0.6608637609948912,-1.746403332547392,-0.500454698498381,-0.2561542245991418,-0.957228186865773,-0.5033276463595985,0.8653923891476641,-1.10409763998378,-1.097420942049935
2020-09-30,-0.287458340074322,-0.5374026160238093,0.7242068243779014,1.091089451179962,0.833077386507672,0.7815005864713958,0.7985050492916133,0.8248647492232807,0.8096787932599387,0.8139847717717361,0.8074624651902482,0.5052214014511687,-1.5661946648187515,-1.5325110237328676,-0.5111440026257816,-0.4787524854232815,-1.4551476071482023,-1.0033249899886156,-0.46394539790046274,1.0935709564479468,-1.3487888835063353,0.9816451432878197,-2.076189369722445,-0.9361360728770918,-0.2778225084454836,-0.9827010231975289,-0.5645848215654553,-1.3041605265767038,-0.7279997165487277,0.8653923891476641,-1.10409763998378,-1.097420942049935
2020-10-31,-0.6156358087428548,0.6909462206020405,1.013889554129062,1.091089451179962,0.0955024645369863,0.14703168887683124,0.10476324178379247,0.15146956738220974,0.21367448630511365,0.19347449713353498,0.3334981242261779,1.6401403707354618,0.9425077620278898,0.31441593413072394,0.3519828609404681,-0.28621889172715237,-0.16818851098576662,-0.5009372873868451,-0.6928563633581847,1.2488387309818605,0.3823933804363464,-0.752957869186144,-2.003583630009028,-0.631017093244104,0.8694773991780262,-0.794155647259463,-0.005227637236717179,-0.8496014176137126,-0.8502604461650908,0.8653923891476641,-1.10409763998378,-1.097420942049935
2020-11-30,-0.5215957850043541,-0.5374026160238093,1.3035722838802226,1.091089451179962,-0.2197047998315871,-0.37869940057834334,-0.2985295355700889,-0.1929389716423704,-0.30380801864123025,-0.24983485012749412,-0.21442770747777912,0.272612025914489,0.48762135909741117,-0.31437476133917447,0.2063978035018499,-0.3629496369862285,0.4723858768340632,0.41196888493640915,0.8666571465260422,1.5241537944526549,0.03841889410398097,0.6776299156598746,-1.9828935328529318,-1.510165812856104,-0.16048530451254603,-1.6211525448264117,-0.9897659834851192,-0.2760778812381729,-1.2530016731366393,0.8653923891476641,-1.10409763998378,-1.097420942049935
2020-12-31,-0.2202234254644336,0.6909462206020405,1.5932550136313832,1.091089451179962,-1.0841855541114191,-1.0214108864065563,-1.04433887980097,-1.1050680068054441,-1.0097777211549348,-1.0501432139484292,-0.8604143074313414,0.5646659362296316,0.7050429668319957,-0.07278026123714526,2.874519792280327,1.8946506192482475,0.7868829249452421,0.753352117236394,1.3167085222262775,-0.2772319893867628,1.1970603469526149,-0.4127795398847135,-1.9856860613034477,-1.2009366069015897,0.2704040159659985,-1.338821468230254,-0.43737898213867066,1.2592030002370431,-1.4996806746567128,0.8653923891476641,-1.10409763998378,-1.097420942049935
2021-01-31,-0.5978644656741622,0.6909462206020405,-1.5932550136313832,1.5275252316519468,-1.4383078879582865,-1.3009905683857084,-1.3723901919682322,-1.474199222961461,-1.3192733508330703,-1.4037800132871812,-1.2725262127750536,-0.29223398622176755,-0.8799347166317923,-0.5703953887544805,2.1956997176259683,0.44736741755238346,-0.3812335968208226,-0.3609496306208576,2.2317327767052126,-0.9415056806110185,0.8696137742497341,0.2078160608678975,-2.185859577960893,-1.8187439119021067,-1.6115741430363102,-1.7755820150041233,-1.561320988032864,1.710360811751888,-1.939531628970639,0.9941335728715871,-1.10409763998378,-1.097420942049935
2021-02-28,-0.19039295674198434,-2.994100289275509,-1.3035722838802226,1.5275252316519468,-1.492611272848785,-1.283433961530254,-1.3966263466796092,-1.5186982662751223,-1.277851584969709,-1.4063146188698519,-1.2165305331006333,0.4601183221847582,-0.0728664692883938,0.8061039121523125,3.3565404523659144,6.033592835803696,-0.259291800531843,-0.01909977279831872,0.8634433123061922,0.6583947022678066,1.589083240932584,-1.218732927211319,-2.3091116291177602,-2.2136601505914397,-0.7149711583344824,-2.31653876313688,-2.2984178384099865,1.4824738827260806,-1.7219075302535138,0.9941335728715871,-1.10409763998378,-1.097420942049935
2021-03-31,-1.0510337139258363,0.6909462206020405,-1.013889554129062,1.5275252316519468,-0.5623589442760965,-0.7997520947179062,-0.6716371640653854,-0.5616248274646414,-0.818849431297155,-0.6717427787892011,-1.0842951695038772,-2.7458764607987542,-1.2075938554035741,-1.2604473571573034,0.3182365474777275,1.023756660557733,1.2496910943634396,1.4936068462149306,0.8048958739717454,1.0770204849829235,-0.946422151990587,0.8743817061207007,-1.8056949093565502,-0.8803706648615245,0.0921451140693757,-0.968224339989729,-0.4495768023576774,0.485083897693442,-1.1618095524580807,0.9941335728715871,-1.10409763998378,-1.097420942049935
2021-04-30,-1.650964637019801,-0.5374026160238093,-0.7242068243779014,1.5275252316519468,-0.09735745284973744,-0.16346388710780652,-0.13647194135172833,-0.034970696984357494,-0.15726498622273768,-0.08849875610522898,-0.352570755333046,-1.294155826468513,0.5893170473532455,0.1530631728425204,-0.23888047618856809,-0.39581260748863545,0.505741420575915,0.9882700703106223,0.03690529288772336,-2.2811919362254263,0.8001031860092979,0.1931056466278338,-1.6239266938502332,-0.9715856055556954,-0.16976546175671647,-1.0346976125458596,-1.3905515049667696,-0.632161330750069,-0.9928020732825202,0.9941335728715871,-1.10409763998378,-1.097420942049935
2021-05-31,-1.4064605752996981,0.6909462206020405,-0.43452409462674085,1.5275252316519468,0.5939368470348636,0.5027253613018342,0.5534813470654468,0.6026299426840085,0.5391534583609936,0.5872767057908643,0.1923248417727954,-1.8221992659886324,0.9018733311981276,0.508047210580328,-0.5111440026257816,-0.4787524854232815,-0.5212461816404499,0.1553248475321009,-0.5572642065444839,0.3708069069400168,1.4264883732214118,0.5250093679192296,-1.322460554305888,-0.11862449618049768,1.0219419625265442,-0.2563255256638794,0.0993251074976264,-1.2765452306286582,-0.7699998730757605,0.9941335728715871,-1.10409763998378,-1.097420942049935
2021-06-30,-0.5996415999810308,-0.5374026160238093,-0.14484136487558028,1.5275252316519468,1.434401581248252,1.2637662556914762,1.37123565285862,1.4207775902096047,1.2315905976615413,1.3429299929859326,1.183211555356574,-0.456866801118749,-0.5458398356361057,-0.7898353210598535,-0.5111440026257816,-0.4787524854232815,-1.1215921697296842,-0.7822938124655752,-0.016508255959139285,-0.5588605842065466,0.7696803355776186,1.010146570877939,-0.7859142924726468,0.1275016448026885,0.711706779207939,0.049828944337229925,0.5680699130566002,-1.0710906681061019,-0.21177176526269553,0.9941335728715871,-1.10409763998378,-1.097420942049935
2021-07-31,0.21073164395137475,0.6909462206020405,0.14484136487558028,1.5275252316519468,1.156070063974708,1.3017366171041382,1.22213036579107,1.1373730596911678,1.2613099276099768,1.187341881099233,1.3680558658416218,1.5414383821647715,3.863489159709526,2.3326802498314496,0.7867911305565487,-0.08328626281827989,-0.14236486421788166,-0.5378940287730639,-1.4579016875774589,-0.7061011545967322,1.7851716255571315,-1.8608359416408076,-0.4164120052248196,0.014591913878920513,0.0646929999355258,0.0077920101172658605,0.944459794100237,-1.005980116955871,-0.46794395284709894,0.9941335728715871,-1.10409763998378,-1.097420942049935
2021-08-31,-0.864434611704558,0.6909462206020405,0.43452409462674085,1.5275252316519468,1.4529714109499776,1.569435090818572,1.514387552783726,1.4804040888462544,1.4708370158709496,1.4712177063583507,1.54951344354054,0.8789019876917026,1.6424534491532732,-0.10031863674317211,-0.5111440026257816,-0.4787524854232815,-1.3080604190994558,-1.6622748879174671,-1.2232572321712136,0.22334085328736558,1.5729776294305935,-0.14615328178359124,-0.27069279335243707,0.022590349610091747,1.2113920589255194,-0.12648118233821157,0.6046633737136203,-1.0058181504107213,-0.3804915721332767,0.9941335728715871,-1.10409763998378,-1.097420942049935
2021-09-30,-1.761146964045698,-0.5374026160238093,0.7242068243779014,1.5275252316519468,1.0011655349447421,1.1164392732089692,1.0856329750479088,0.9780169179465975,1.1162780475617435,1.0655068061662154,1.1194815626126775,0.6316496588401644,2.4984776292634954,0.38160514653000605,-0.5111440026257816,-0.4787524854232815,-1.3254779308517535,-1.1514505958679324,0.07150569521955634,-0.3575491274770603,0.5812070670496596,0.7773849122252922,-0.2946831514045976,-0.059188416482907395,0.4739984139809908,-0.12341861154021316,0.2213033096876939,-1.340764965780565,-0.45730007756285007,0.9941335728715871,-1.10409763998378,-1.097420942049935
2021-10-31,-2.2194995206924077,0.6909462206020405,1.013889554129062,1.5275252316519468,0.3499379218842782,0.545794741261438,0.4516341455377029,0.39382844667656447,0.600180765621471,0.5096638471827863,0.6393735695418399,1.4353041845288654,0.9704586132922924,1.1162139853098085,-0.5111440026257816,-0.4787524854232815,-0.8666374571609152,-0.5681313626345179,-1.3386060528972354,-0.6046336864871128,1.1446401719365837,-0.3943915220846351,-0.13271650127466722,0.26297532589657086,1.6912835396109678,0.0749245786304028,0.9584001600648161,-1.0335144296313419,-0.3825052782681339,0.9941335728715871,-1.10409763998378,-1.097420942049935
2021-11-30,-1.7749197549239353,-0.5374026160238093,1.3035722838802226,1.5275252316519468,-0.5023308901240056,-0.5053085261492474,-0.4956678325368946,-0.44305540651755704,-0.5032026365221299,-0.4526752004456224,-0.5739680133624203,-1.0281503074705893,-1.2802817274312261,-1.2183258081804949,-0.34952944629236177,-0.429510193114913,0.12423738902848402,-0.9477778877838733,1.241078230314636,0.3064990804847775,-0.7065699311010247,1.6799301192457552,-0.19174039806966536,-0.7096395803466519,0.5611663826449597,-0.8411591628164441,0.2840349565283001,-0.2185797577099841,-0.5880471401761144,0.9941335728715871,-1.10409763998378,-1.097420942049935
2021-12-31,-1.0510337139258363,0.6909462206020405,1.5932550136313832,1.5275252316519468,-0.8920094095237899,-0.8016085335092683,-0.836585349148362,-0.8328803423671689,-0.772933647739272,-0.7898230422746426,-0.8272599759460774,-0.34606119733048357,-0.6612604096808755,-0.2384750169926843,0.32083241774409216,-0.2512862103328887,0.5052437773829944,-0.4930979786079483,0.8961818612350537,-0.08512024976587335,1.8562619998939416,-0.48173460663500417,-0.32248150279837096,-0.576741232008523,0.3029106526183699,-0.6645347020934185,0.46525971406782896,0.7034957838279846,-0.7520203540145306,0.9941335728715871,-1.10409763998378,-1.097420942049935
